symbol_key,open_time_ms,open,high,low,close,volume
USDT-FUTURES:BTCUSDT,1777098000000,77490.1,77490.1,77452.0,77452.1,21.7661
USDT-FUTURES:BTCUSDT,1777098300000,77452.1,77465.0,77449.4,77450.5,19.001
USDT-FUTURES:BTCUSDT,1777098600000,77450.5,77509.3,77450.5,77500.0,15.0807
USDT-FUTURES:BTCUSDT,1777098900000,77500.0,77514.3,77465.8,77514.3,6.2695
USDT-FUTURES:BTCUSDT,1777099200000,77514.3,77524.6,77477.6,77484.1,20.6158
USDT-FUTURES:BTCUSDT,1777099500000,77484.1,77511.0,77484.1,77508.2,39.9302
USDT-FUTURES:BTCUSDT,1777099800000,77508.2,77548.4,77492.6,77495.3,96.2548
USDT-FUTURES:BTCUSDT,1777100100000,77495.3,77506.0,77469.0,77469.0,14.7051
USDT-FUTURES:BTCUSDT,1777100400000,77469.0,77469.0,77416.0,77429.0,111.3121
USDT-FUTURES:BTCUSDT,1777100700000,77429.0,77449.1,77427.0,77427.0,27.3246
USDT-FUTURES:BTCUSDT,1777101000000,77427.0,77455.0,77427.0,77451.2,18.7279
USDT-FUTURES:BTCUSDT,1777101300000,77451.2,77473.0,77442.6,77473.0,5.2871
USDT-FUTURES:BTCUSDT,1777101600000,77473.0,77496.9,77460.9,77496.8,33.0476
USDT-FUTURES:BTCUSDT,1777101900000,77496.8,77507.4,77476.3,77507.4,55.1677
USDT-FUTURES:BTCUSDT,1777102200000,77507.4,77525.3,77476.3,77525.3,49.0793
USDT-FUTURES:BTCUSDT,1777102500000,77525.3,77535.3,77489.8,77520.6,28.7081
USDT-FUTURES:BTCUSDT,1777102800000,77520.6,77520.7,77490.4,77491.1,28.3429
USDT-FUTURES:BTCUSDT,1777103100000,77491.1,77491.1,77479.0,77487.0,26.2526
USDT-FUTURES:BTCUSDT,1777103400000,77487.0,77506.6,77487.0,77498.9,8.4976
USDT-FUTURES:BTCUSDT,1777103700000,77498.9,77521.1,77457.5,77457.6,78.1041
USDT-FUTURES:BTCUSDT,1777104000000,77457.6,77494.0,77446.1,77478.0,39.3544
USDT-FUTURES:BTCUSDT,1777104300000,77478.0,77532.3,77478.0,77532.2,28.8661
USDT-FUTURES:BTCUSDT,1777104600000,77532.2,77547.9,77520.0,77520.0,27.1096
USDT-FUTURES:BTCUSDT,1777104900000,77520.0,77529.3,77503.0,77503.0,9.7455
USDT-FUTURES:BTCUSDT,1777105200000,77503.0,77546.6,77503.0,77503.2,40.5041
USDT-FUTURES:BTCUSDT,1777105500000,77503.2,77538.7,77503.1,77532.1,26.627
USDT-FUTURES:BTCUSDT,1777105800000,77532.1,77615.5,77532.1,77610.0,135.7491
USDT-FUTURES:BTCUSDT,1777106100000,77610.0,77624.0,77600.1,77600.2,44.6038
USDT-FUTURES:BTCUSDT,1777106400000,77600.2,77615.0,77592.0,77599.9,100.9906
USDT-FUTURES:BTCUSDT,1777106700000,77599.9,77600.0,77576.1,77580.3,104.3106
USDT-FUTURES:BTCUSDT,1777107000000,77580.3,77585.6,77580.0,77585.6,11.8755
USDT-FUTURES:BTCUSDT,1777107300000,77585.6,77605.4,77577.4,77605.4,20.6702
USDT-FUTURES:BTCUSDT,1777107600000,77605.4,77624.2,77567.0,77571.6,27.5505
USDT-FUTURES:BTCUSDT,1777107900000,77571.6,77587.8,77571.6,77585.3,12.2561
USDT-FUTURES:BTCUSDT,1777108200000,77585.3,77595.6,77576.5,77584.3,19.4648
USDT-FUTURES:BTCUSDT,1777108500000,77584.3,77599.1,77580.0,77580.0,26.3431
USDT-FUTURES:BTCUSDT,1777108800000,77580.0,77585.1,77550.0,77571.4,35.6419
USDT-FUTURES:BTCUSDT,1777109100000,77571.4,77589.9,77550.0,77550.1,9.4735
USDT-FUTURES:BTCUSDT,1777109400000,77550.1,77574.4,77550.0,77574.3,13.5265
USDT-FUTURES:BTCUSDT,1777109700000,77574.3,77731.9,77572.5,77683.5,160.5834
USDT-FUTURES:BTCUSDT,1777110000000,77683.5,77695.4,77655.8,77693.0,71.6016
USDT-FUTURES:BTCUSDT,1777110300000,77693.0,77728.9,77672.7,77713.9,136.2832
USDT-FUTURES:BTCUSDT,1777110600000,77713.9,77720.1,77693.6,77720.1,93.5787
USDT-FUTURES:BTCUSDT,1777110900000,77720.1,77738.0,77670.0,77674.8,102.9523
USDT-FUTURES:BTCUSDT,1777111200000,77674.8,77759.7,77674.8,77724.0,103.2422
USDT-FUTURES:BTCUSDT,1777111500000,77724.0,77749.9,77712.9,77722.9,102.1395
USDT-FUTURES:BTCUSDT,1777111800000,77722.9,77732.9,77721.0,77722.4,21.1627
USDT-FUTURES:BTCUSDT,1777112100000,77722.4,77749.9,77717.8,77724.3,77.1679
USDT-FUTURES:BTCUSDT,1777112400000,77724.3,77777.8,77719.3,77771.8,60.066
USDT-FUTURES:BTCUSDT,1777112700000,77771.8,77808.8,77769.5,77786.0,112.9153
USDT-FUTURES:BTCUSDT,1777113000000,77786.0,77847.0,77785.9,77826.2,119.6822
USDT-FUTURES:BTCUSDT,1777113300000,77826.2,77826.2,77788.1,77809.9,85.5984
USDT-FUTURES:BTCUSDT,1777113600000,77809.9,77813.5,77731.8,77770.8,95.5313
USDT-FUTURES:BTCUSDT,1777113900000,77770.8,77786.9,77737.2,77743.0,118.9844
USDT-FUTURES:BTCUSDT,1777114200000,77743.0,77773.5,77739.8,77755.6,28.244
USDT-FUTURES:BTCUSDT,1777114500000,77755.6,77762.9,77739.4,77752.0,36.0128
USDT-FUTURES:BTCUSDT,1777114800000,77752.0,77752.0,77717.2,77732.8,64.5151
USDT-FUTURES:BTCUSDT,1777115100000,77732.8,77732.9,77700.1,77700.1,62.1898
USDT-FUTURES:BTCUSDT,1777115400000,77700.1,77719.2,77694.2,77702.3,25.9924
USDT-FUTURES:BTCUSDT,1777115700000,77702.3,77715.8,77690.0,77698.8,37.316
USDT-FUTURES:BTCUSDT,1777116000000,77698.8,77701.0,77597.2,77636.9,112.5374
USDT-FUTURES:BTCUSDT,1777116300000,77636.9,77645.7,77626.3,77632.0,41.2523
USDT-FUTURES:BTCUSDT,1777116600000,77632.0,77639.0,77608.2,77617.1,130.3722
USDT-FUTURES:BTCUSDT,1777116900000,77617.1,77633.2,77583.6,77612.7,84.3339
USDT-FUTURES:BTCUSDT,1777117200000,77612.7,77645.0,77596.3,77596.4,60.439
USDT-FUTURES:BTCUSDT,1777117500000,77596.4,77620.0,77566.5,77614.4,70.7607
USDT-FUTURES:BTCUSDT,1777117800000,77614.4,77662.5,77613.0,77613.0,72.3378
USDT-FUTURES:BTCUSDT,1777118100000,77613.0,77649.7,77613.0,77649.7,18.6072
USDT-FUTURES:BTCUSDT,1777118400000,77649.7,77649.7,77584.9,77605.7,53.6623
USDT-FUTURES:BTCUSDT,1777118700000,77605.7,77677.1,77605.6,77633.6,37.6934
USDT-FUTURES:BTCUSDT,1777119000000,77633.6,77662.4,77633.6,77648.4,18.2733
USDT-FUTURES:BTCUSDT,1777119300000,77648.4,77674.0,77634.4,77634.4,27.4299
USDT-FUTURES:BTCUSDT,1777119600000,77634.4,77664.5,77634.3,77664.5,44.3054
USDT-FUTURES:BTCUSDT,1777119900000,77664.5,77664.5,77567.9,77568.0,66.5168
USDT-FUTURES:BTCUSDT,1777120200000,77568.0,77577.4,77510.0,77567.5,81.6924
USDT-FUTURES:BTCUSDT,1777120500000,77567.5,77574.8,77520.0,77526.7,69.1823
USDT-FUTURES:BTCUSDT,1777120800000,77526.7,77538.3,77504.0,77520.9,42.8111
USDT-FUTURES:BTCUSDT,1777121100000,77520.9,77531.3,77504.2,77507.9,40.38
USDT-FUTURES:BTCUSDT,1777121400000,77507.9,77546.4,77507.9,77539.9,48.3766
USDT-FUTURES:BTCUSDT,1777121700000,77539.9,77540.0,77522.6,77522.8,40.43
USDT-FUTURES:BTCUSDT,1777122000000,77522.8,77550.0,77522.6,77542.4,39.5399
USDT-FUTURES:BTCUSDT,1777122300000,77542.4,77577.1,77542.3,77576.9,25.8402
USDT-FUTURES:BTCUSDT,1777122600000,77576.9,77605.8,77570.3,77605.7,40.3091
USDT-FUTURES:BTCUSDT,1777122900000,77605.7,77605.8,77564.1,77582.2,23.7621
USDT-FUTURES:BTCUSDT,1777123200000,77582.2,77605.2,77582.1,77597.1,16.3544
USDT-FUTURES:BTCUSDT,1777123500000,77597.1,77597.1,77577.3,77579.9,25.1428
USDT-FUTURES:BTCUSDT,1777123800000,77579.9,77584.1,77566.3,77566.3,14.3037
USDT-FUTURES:BTCUSDT,1777124100000,77566.3,77589.5,77562.6,77589.5,12.6895
USDT-FUTURES:BTCUSDT,1777124400000,77589.5,77636.7,77589.4,77636.6,32.826
USDT-FUTURES:BTCUSDT,1777124700000,77636.6,77673.3,77611.2,77625.6,48.0687
USDT-FUTURES:BTCUSDT,1777125000000,77625.6,77656.0,77607.1,77646.9,43.4419
USDT-FUTURES:BTCUSDT,1777125300000,77646.9,77673.2,77643.7,77643.7,46.0693
USDT-FUTURES:BTCUSDT,1777125600000,77643.7,77716.4,77600.0,77600.0,62.8472
USDT-FUTURES:BTCUSDT,1777125900000,77600.0,77634.0,77594.0,77618.0,44.8606
USDT-FUTURES:BTCUSDT,1777126200000,77618.0,77656.9,77598.2,77656.9,27.3653
USDT-FUTURES:BTCUSDT,1777126500000,77656.9,77663.2,77621.6,77624.1,28.1611
USDT-FUTURES:BTCUSDT,1777126800000,77624.1,77652.0,77616.6,77625.3,15.954
USDT-FUTURES:BTCUSDT,1777127100000,77625.3,77699.0,77625.3,77684.4,31.6288
USDT-FUTURES:BTCUSDT,1777127400000,77684.4,77703.3,77678.4,77678.5,32.0744
USDT-FUTURES:BTCUSDT,1777127700000,77678.5,77704.3,77668.9,77704.2,21.57
USDT-FUTURES:BTCUSDT,1777128000000,77704.2,77709.4,77679.2,77690.9,65.137
USDT-FUTURES:BTCUSDT,1777128300000,77690.9,77719.2,77687.3,77694.9,32.3517
USDT-FUTURES:BTCUSDT,1777128600000,77694.9,77694.9,77622.3,77640.6,87.0029
USDT-FUTURES:BTCUSDT,1777128900000,77640.6,77640.6,77605.9,77617.9,42.5577
USDT-FUTURES:BTCUSDT,1777129200000,77617.9,77626.8,77603.1,77621.4,48.2944
USDT-FUTURES:BTCUSDT,1777129500000,77621.4,77646.0,77613.6,77622.6,23.5892
USDT-FUTURES:BTCUSDT,1777129800000,77622.6,77631.0,77614.0,77630.9,6.5575
USDT-FUTURES:BTCUSDT,1777130100000,77630.9,77643.8,77630.9,77639.8,10.2634
USDT-FUTURES:BTCUSDT,1777130400000,77639.8,77670.5,77639.8,77670.4,16.1796
USDT-FUTURES:BTCUSDT,1777130700000,77670.4,77680.0,77658.1,77667.2,18.6265
USDT-FUTURES:BTCUSDT,1777131000000,77667.2,77672.0,77644.0,77669.5,13.9338
USDT-FUTURES:BTCUSDT,1777131300000,77669.5,77683.9,77654.4,77654.4,25.2276
USDT-FUTURES:BTCUSDT,1777131600000,77654.4,77660.8,77623.0,77623.0,15.4634
USDT-FUTURES:BTCUSDT,1777131900000,77623.0,77623.1,77454.0,77456.5,269.6433
USDT-FUTURES:BTCUSDT,1777132200000,77456.5,77484.6,77260.0,77287.2,462.9599
USDT-FUTURES:BTCUSDT,1777132500000,77287.2,77364.5,77277.0,77287.5,411.1459
USDT-FUTURES:BTCUSDT,1777132800000,77287.5,77377.8,77250.3,77363.9,234.5149
USDT-FUTURES:BTCUSDT,1777133100000,77363.9,77412.6,77315.7,77372.5,114.673
USDT-FUTURES:BTCUSDT,1777133400000,77372.5,77415.1,77335.4,77408.0,69.4861
USDT-FUTURES:BTCUSDT,1777133700000,77408.0,77418.6,77375.5,77375.6,41.5456
USDT-FUTURES:BTCUSDT,1777134000000,77375.6,77396.0,77375.5,77382.7,48.5543
USDT-FUTURES:BTCUSDT,1777134300000,77382.7,77385.5,77287.1,77361.9,113.762
USDT-FUTURES:BTCUSDT,1777134600000,77361.9,77379.2,77285.1,77338.0,78.0385
USDT-FUTURES:BTCUSDT,1777134900000,77338.0,77390.0,77095.0,77227.7,406.0654
USDT-FUTURES:BTCUSDT,1777135200000,77227.7,77349.6,77220.9,77334.2,144.9471
USDT-FUTURES:BTCUSDT,1777135500000,77334.2,77366.1,77302.6,77356.1,47.6874
USDT-FUTURES:BTCUSDT,1777135800000,77356.1,77377.7,77343.0,77349.5,27.7478
USDT-FUTURES:BTCUSDT,1777136100000,77349.5,77375.9,77329.7,77368.1,73.5528
USDT-FUTURES:BTCUSDT,1777136400000,77368.1,77368.1,77327.0,77346.3,40.7484
USDT-FUTURES:BTCUSDT,1777136700000,77346.3,77346.3,77319.7,77335.0,55.497
USDT-FUTURES:BTCUSDT,1777137000000,77335.0,77335.0,77310.6,77314.9,26.8657
USDT-FUTURES:BTCUSDT,1777137300000,77314.9,77315.0,77261.2,77288.4,36.4368
USDT-FUTURES:BTCUSDT,1777137600000,77288.4,77367.0,77280.9,77337.2,94.6929
USDT-FUTURES:BTCUSDT,1777137900000,77337.2,77377.0,77280.9,77289.0,74.5961
USDT-FUTURES:BTCUSDT,1777138200000,77289.0,77299.5,77212.3,77242.3,94.9957
USDT-FUTURES:BTCUSDT,1777138500000,77242.3,77300.6,77242.3,77298.5,50.9312
USDT-FUTURES:BTCUSDT,1777138800000,77298.5,77300.3,77268.7,77268.8,23.3222
USDT-FUTURES:BTCUSDT,1777139100000,77268.8,77268.8,77222.0,77222.0,26.6909
USDT-FUTURES:BTCUSDT,1777139400000,77222.0,77222.1,77193.0,77193.1,71.623
USDT-FUTURES:BTCUSDT,1777139700000,77193.1,77229.6,77171.4,77213.4,64.7253
USDT-FUTURES:BTCUSDT,1777140000000,77213.4,77288.0,77175.6,77256.3,91.779
USDT-FUTURES:BTCUSDT,1777140300000,77256.3,77259.3,77221.7,77247.7,21.2184
USDT-FUTURES:BTCUSDT,1777140600000,77247.7,77265.4,77235.6,77251.2,15.3282
USDT-FUTURES:BTCUSDT,1777140900000,77251.2,77262.0,77248.0,77248.1,21.9564
USDT-FUTURES:BTCUSDT,1777141200000,77248.1,77265.0,77219.6,77251.1,33.948
USDT-FUTURES:BTCUSDT,1777141500000,77251.1,77289.8,77251.0,77284.6,32.1668
USDT-FUTURES:BTCUSDT,1777141800000,77284.6,77340.2,77284.6,77321.5,70.0923
USDT-FUTURES:BTCUSDT,1777142100000,77321.5,77352.3,77308.4,77308.4,49.9353
USDT-FUTURES:BTCUSDT,1777142400000,77308.4,77322.4,77267.4,77267.4,41.1569
USDT-FUTURES:BTCUSDT,1777142700000,77267.4,77321.4,77265.0,77273.3,22.356
USDT-FUTURES:BTCUSDT,1777143000000,77273.3,77297.7,77265.0,77265.0,11.1102
USDT-FUTURES:BTCUSDT,1777143300000,77265.0,77293.0,77250.0,77261.9,34.179
USDT-FUTURES:BTCUSDT,1777143600000,77261.9,77281.4,77243.4,77262.3,24.3088
USDT-FUTURES:BTCUSDT,1777143900000,77262.3,77276.9,77237.3,77260.7,20.7081
USDT-FUTURES:BTCUSDT,1777144200000,77260.7,77294.1,77247.0,77293.0,31.9687
USDT-FUTURES:BTCUSDT,1777144500000,77293.0,77302.4,77276.5,77302.4,12.5767
USDT-FUTURES:BTCUSDT,1777144800000,77302.4,77312.0,77278.5,77310.1,24.5455
USDT-FUTURES:BTCUSDT,1777145100000,77310.1,77310.1,77208.8,77218.9,33.6712
USDT-FUTURES:BTCUSDT,1777145400000,77218.9,77226.1,77182.3,77202.1,43.9188
USDT-FUTURES:BTCUSDT,1777145700000,77202.1,77222.4,77186.0,77187.5,44.9177
USDT-FUTURES:BTCUSDT,1777146000000,77187.5,77208.4,77146.9,77153.3,51.111
USDT-FUTURES:BTCUSDT,1777146300000,77153.3,77204.4,77153.3,77201.0,71.1926
USDT-FUTURES:BTCUSDT,1777146600000,77201.0,77248.0,77200.9,77248.0,13.9482
USDT-FUTURES:BTCUSDT,1777146900000,77248.0,77300.0,77248.0,77285.5,34.4175
USDT-FUTURES:BTCUSDT,1777147200000,77285.5,77319.0,77270.9,77274.5,58.6712
USDT-FUTURES:BTCUSDT,1777147500000,77274.5,77305.8,77268.3,77305.8,8.2287
USDT-FUTURES:BTCUSDT,1777147800000,77305.8,77345.5,77305.7,77312.0,38.6776
USDT-FUTURES:BTCUSDT,1777148100000,77312.0,77341.0,77307.7,77341.0,15.4181
USDT-FUTURES:BTCUSDT,1777148400000,77341.0,77389.0,77340.9,77378.1,46.0635
USDT-FUTURES:BTCUSDT,1777148700000,77378.1,77383.7,77344.3,77383.7,45.3319
USDT-FUTURES:BTCUSDT,1777149000000,77383.7,77383.8,77354.2,77364.0,20.3809
USDT-FUTURES:BTCUSDT,1777149300000,77364.0,77380.0,77360.6,77367.3,10.5397
USDT-FUTURES:BTCUSDT,1777149600000,77367.3,77375.8,77360.0,77360.0,8.1107
USDT-FUTURES:BTCUSDT,1777149900000,77360.0,77375.9,77360.0,77371.5,10.6057
USDT-FUTURES:BTCUSDT,1777150200000,77371.5,77389.0,77360.7,77389.0,18.4245
USDT-FUTURES:BTCUSDT,1777150500000,77389.0,77442.9,77388.9,77436.3,137.3555
USDT-FUTURES:BTCUSDT,1777150800000,77436.3,77488.8,77436.2,77469.9,103.5996
USDT-FUTURES:BTCUSDT,1777151100000,77469.9,77491.7,77452.3,77468.2,40.2436
USDT-FUTURES:BTCUSDT,1777151400000,77468.2,77492.3,77439.1,77459.2,30.7052
USDT-FUTURES:BTCUSDT,1777151700000,77459.2,77477.4,77451.9,77451.9,10.9092
USDT-FUTURES:BTCUSDT,1777152000000,77451.9,77483.3,77451.9,77473.7,12.4761
USDT-FUTURES:BTCUSDT,1777152300000,77473.7,77482.0,77441.9,77477.1,49.3708
USDT-FUTURES:BTCUSDT,1777152600000,77477.1,77480.1,77421.4,77421.4,20.4752
USDT-FUTURES:BTCUSDT,1777152900000,77421.4,77432.1,77409.6,77412.4,27.781
USDT-FUTURES:BTCUSDT,1777153200000,77412.4,77429.4,77374.7,77429.3,15.6078
USDT-FUTURES:BTCUSDT,1777153500000,77429.3,77466.3,77429.3,77446.1,8.9086
USDT-FUTURES:BTCUSDT,1777153800000,77446.1,77490.0,77418.3,77477.2,20.114
USDT-FUTURES:BTCUSDT,1777154100000,77477.2,77490.8,77460.0,77490.7,23.6372
USDT-FUTURES:BTCUSDT,1777154400000,77490.7,77493.0,77453.4,77492.0,29.1668
USDT-FUTURES:BTCUSDT,1777154700000,77492.0,77522.0,77470.4,77500.8,36.2746
USDT-FUTURES:BTCUSDT,1777155000000,77500.8,77500.8,77460.2,77468.1,17.0082
USDT-FUTURES:BTCUSDT,1777155300000,77468.1,77485.5,77457.8,77467.1,8.3655
USDT-FUTURES:BTCUSDT,1777155600000,77467.1,77496.4,77467.1,77492.1,28.2161
USDT-FUTURES:BTCUSDT,1777155900000,77492.1,77547.8,77488.1,77520.0,74.417
USDT-FUTURES:BTCUSDT,1777156200000,77520.0,77610.9,77520.0,77583.0,185.1555
USDT-FUTURES:BTCUSDT,1777156500000,77583.0,77590.8,77541.1,77545.0,50.0773
USDT-FUTURES:BTCUSDT,1777156800000,77545.0,77551.4,77520.4,77551.3,129.1426
USDT-FUTURES:BTCUSDT,1777157100000,77551.3,77551.3,77506.4,77506.5,37.9463
USDT-FUTURES:BTCUSDT,1777157400000,77506.5,77511.3,77488.0,77509.3,24.3786
USDT-FUTURES:BTCUSDT,1777157700000,77509.3,77530.6,77500.1,77514.2,36.7146
USDT-FUTURES:BTCUSDT,1777158000000,77514.2,77554.4,77477.2,77532.1,50.8039
USDT-FUTURES:BTCUSDT,1777158300000,77532.1,77568.5,77521.9,77540.0,55.1778
USDT-FUTURES:BTCUSDT,1777158600000,77540.0,77548.1,77536.1,77540.3,5.0417
USDT-FUTURES:BTCUSDT,1777158900000,77540.3,77554.8,77513.5,77554.8,8.8919
USDT-FUTURES:BTCUSDT,1777159200000,77554.8,77558.8,77515.6,77557.7,15.2333
USDT-FUTURES:BTCUSDT,1777159500000,77557.7,77557.7,77528.2,77546.6,28.2229
USDT-FUTURES:BTCUSDT,1777159800000,77546.6,77575.3,77530.9,77575.2,37.76
USDT-FUTURES:BTCUSDT,1777160100000,77575.2,77592.4,77566.2,77566.3,12.8699
USDT-FUTURES:BTCUSDT,1777160400000,77566.3,77604.1,77561.9,77562.0,41.1582
USDT-FUTURES:BTCUSDT,1777160700000,77562.0,77576.7,77550.5,77569.9,8.9603
USDT-FUTURES:BTCUSDT,1777161000000,77569.9,77576.7,77560.2,77574.7,25.2082
USDT-FUTURES:BTCUSDT,1777161300000,77574.7,77576.7,77550.5,77576.7,11.4739
USDT-FUTURES:BTCUSDT,1777161600000,77576.7,77585.8,77545.7,77585.0,62.8654
USDT-FUTURES:BTCUSDT,1777161900000,77585.0,77585.8,77483.2,77509.5,61.7271
USDT-FUTURES:BTCUSDT,1777162200000,77509.5,77515.4,77473.6,77506.8,42.6853
USDT-FUTURES:BTCUSDT,1777162500000,77506.8,77506.8,77446.9,77446.9,73.8456
USDT-FUTURES:BTCUSDT,1777162800000,77446.9,77458.0,77433.2,77435.0,33.9336
USDT-FUTURES:BTCUSDT,1777163100000,77435.0,77448.6,77423.9,77429.3,24.97
USDT-FUTURES:BTCUSDT,1777163400000,77429.3,77481.6,77403.3,77470.3,46.2904
USDT-FUTURES:BTCUSDT,1777163700000,77470.3,77476.3,77455.1,77462.2,17.3463
USDT-FUTURES:BTCUSDT,1777164000000,77462.2,77514.2,77462.2,77506.2,13.4087
USDT-FUTURES:BTCUSDT,1777164300000,77506.2,77517.2,77493.4,77501.6,19.2389
USDT-FUTURES:BTCUSDT,1777164600000,77501.6,77552.0,77493.8,77493.9,26.958
USDT-FUTURES:BTCUSDT,1777164900000,77493.9,77493.9,77411.2,77457.6,42.2831
USDT-FUTURES:BTCUSDT,1777165200000,77457.6,77482.3,77443.6,77477.4,46.6397
USDT-FUTURES:BTCUSDT,1777165500000,77477.4,77479.9,77462.0,77479.9,35.0224
USDT-FUTURES:BTCUSDT,1777165800000,77479.9,77486.6,77462.0,77465.0,16.1176
USDT-FUTURES:BTCUSDT,1777166100000,77465.0,77497.8,77450.0,77450.0,43.8712
USDT-FUTURES:BTCUSDT,1777166400000,77450.0,77513.0,77450.0,77508.3,17.3278
USDT-FUTURES:BTCUSDT,1777166700000,77508.3,77529.5,77461.2,77467.0,36.3599
USDT-FUTURES:BTCUSDT,1777167000000,77467.0,77481.0,77461.5,77480.9,13.5874
USDT-FUTURES:BTCUSDT,1777167300000,77480.9,77514.8,77480.9,77514.8,6.385
USDT-FUTURES:BTCUSDT,1777167600000,77514.8,77521.4,77479.0,77519.1,20.2284
USDT-FUTURES:BTCUSDT,1777167900000,77519.1,77519.1,77459.9,77461.9,17.8608
USDT-FUTURES:BTCUSDT,1777168200000,77461.9,77508.1,77461.9,77483.2,9.361
USDT-FUTURES:BTCUSDT,1777168500000,77483.2,77483.2,77407.4,77417.7,21.463
USDT-FUTURES:BTCUSDT,1777168800000,77417.7,77454.9,77410.9,77454.0,20.0688
USDT-FUTURES:BTCUSDT,1777169100000,77454.0,77474.0,77451.2,77473.5,9.3983
USDT-FUTURES:BTCUSDT,1777169400000,77473.5,77530.5,77462.2,77530.5,21.2493
USDT-FUTURES:BTCUSDT,1777169700000,77530.5,77550.0,77503.5,77506.0,39.9249
USDT-FUTURES:BTCUSDT,1777170000000,77506.0,77537.8,77475.1,77524.9,15.9366
USDT-FUTURES:BTCUSDT,1777170300000,77524.9,77526.0,77513.0,77517.6,9.2412
USDT-FUTURES:BTCUSDT,1777170600000,77517.6,77544.7,77517.6,77520.1,28.1481
USDT-FUTURES:BTCUSDT,1777170900000,77520.1,77520.1,77508.0,77509.4,7.757
USDT-FUTURES:BTCUSDT,1777171200000,77509.4,77509.5,77477.2,77477.3,15.2824
USDT-FUTURES:BTCUSDT,1777171500000,77477.3,77477.3,77434.2,77454.6,22.6591
USDT-FUTURES:BTCUSDT,1777171800000,77454.6,77482.3,77454.5,77469.9,18.1818
USDT-FUTURES:BTCUSDT,1777172100000,77469.9,77479.8,77444.5,77479.8,13.5979
USDT-FUTURES:BTCUSDT,1777172400000,77479.8,77482.0,77450.0,77455.8,12.8833
USDT-FUTURES:BTCUSDT,1777172700000,77455.8,77466.3,77437.8,77466.3,26.1856
USDT-FUTURES:BTCUSDT,1777173000000,77466.3,77485.0,77452.9,77485.0,4.0673
USDT-FUTURES:BTCUSDT,1777173300000,77485.0,77505.2,77478.0,77478.1,36.6421
USDT-FUTURES:BTCUSDT,1777173600000,77478.1,77489.5,77466.2,77477.1,12.5488
USDT-FUTURES:BTCUSDT,1777173900000,77477.1,77477.2,77377.0,77382.3,80.3524
USDT-FUTURES:BTCUSDT,1777174200000,77382.3,77395.3,77312.0,77333.7,97.2374
USDT-FUTURES:BTCUSDT,1777174500000,77333.7,77337.2,77284.1,77309.1,136.6417
USDT-FUTURES:BTCUSDT,1777174800000,77309.1,77344.7,77309.0,77344.6,30.5939
USDT-FUTURES:BTCUSDT,1777175100000,77344.6,77344.7,77322.2,77342.9,24.5116
USDT-FUTURES:BTCUSDT,1777175400000,77342.9,77362.4,77342.0,77342.3,76.7836
USDT-FUTURES:BTCUSDT,1777175700000,77342.3,77385.8,77342.2,77355.0,47.708
USDT-FUTURES:BTCUSDT,1777176000000,77355.0,77378.8,77335.6,77347.0,28.8902
USDT-FUTURES:BTCUSDT,1777176300000,77347.0,77405.8,77347.0,77402.0,53.381
USDT-FUTURES:BTCUSDT,1777176600000,77402.0,77456.7,77394.2,77432.7,41.0544
USDT-FUTURES:BTCUSDT,1777176900000,77432.7,77450.0,77423.0,77442.9,14.3706
USDT-FUTURES:BTCUSDT,1777177200000,77442.9,77459.6,77438.3,77459.5,29.2584
USDT-FUTURES:BTCUSDT,1777177500000,77459.5,77459.5,77428.5,77431.2,7.9641
USDT-FUTURES:BTCUSDT,1777177800000,77431.2,77431.3,77383.7,77399.4,14.4447
USDT-FUTURES:BTCUSDT,1777178100000,77399.4,77426.4,77399.3,77415.6,7.84
USDT-FUTURES:BTCUSDT,1777178400000,77415.6,77485.1,77415.5,77471.5,29.3324
USDT-FUTURES:BTCUSDT,1777178700000,77471.5,77769.9,77471.5,77696.3,677.1017
USDT-FUTURES:BTCUSDT,1777179000000,77696.3,77778.9,77647.8,77752.2,199.9921
USDT-FUTURES:BTCUSDT,1777179300000,77752.2,77752.4,77702.3,77724.8,93.2241
USDT-FUTURES:BTCUSDT,1777179600000,77724.8,77732.0,77672.0,77683.8,65.0599
USDT-FUTURES:BTCUSDT,1777179900000,77683.8,77799.4,77680.1,77753.1,76.6353
USDT-FUTURES:BTCUSDT,1777180200000,77753.1,78113.3,77752.0,78088.9,771.2818
USDT-FUTURES:BTCUSDT,1777180500000,78088.9,78123.0,77980.2,78089.5,623.376
USDT-FUTURES:BTCUSDT,1777180800000,78089.5,78113.0,77989.5,78004.3,139.4148
USDT-FUTURES:BTCUSDT,1777181100000,78004.3,78157.1,77990.6,78054.1,272.5813
USDT-FUTURES:BTCUSDT,1777181400000,78054.1,78149.0,78000.2,78038.2,113.1848
USDT-FUTURES:BTCUSDT,1777181700000,78038.2,78039.5,77980.0,78015.8,95.2411
USDT-FUTURES:BTCUSDT,1777182000000,78015.8,78028.8,77990.8,78001.0,30.8232
USDT-FUTURES:BTCUSDT,1777182300000,78001.0,78018.3,77945.6,78003.6,98.4948
USDT-FUTURES:BTCUSDT,1777182600000,78003.6,78003.6,77957.0,77963.8,103.5019
USDT-FUTURES:BTCUSDT,1777182900000,77963.8,77963.9,77932.8,77935.6,71.2946
USDT-FUTURES:BTCUSDT,1777183200000,77935.6,77999.0,77935.6,77999.0,37.2711
USDT-FUTURES:BTCUSDT,1777183500000,77999.0,77999.0,77950.0,77950.0,45.6867
USDT-FUTURES:BTCUSDT,1777183800000,77950.0,77989.5,77950.0,77967.5,42.1532
USDT-FUTURES:BTCUSDT,1777184100000,77967.5,77976.6,77880.9,77888.0,124.44
USDT-FUTURES:BTCUSDT,1777184400000,77888.0,77916.3,77873.1,77885.0,145.3228
USDT-FUTURES:BTCUSDT,1777184700000,77885.0,77942.7,77884.9,77905.4,36.5681
USDT-FUTURES:BTCUSDT,1777185000000,77905.4,77920.7,77887.8,77898.5,19.8981
USDT-FUTURES:BTCUSDT,1777185300000,77898.5,77942.5,77880.2,77942.5,25.5123
USDT-FUTURES:BTCUSDT,1777185600000,77942.5,78000.0,77942.4,77969.9,55.5972
USDT-FUTURES:BTCUSDT,1777185900000,77969.9,77972.2,77885.0,77885.0,99.3259
USDT-FUTURES:BTCUSDT,1777186200000,77885.0,77950.0,77856.1,77925.2,55.5191
USDT-FUTURES:BTCUSDT,1777186500000,77925.2,77971.5,77915.7,77961.0,30.4295
USDT-FUTURES:BTCUSDT,1777186800000,77961.0,77980.0,77952.0,77952.0,46.8003
USDT-FUTURES:BTCUSDT,1777187100000,77952.0,77974.6,77941.7,77941.8,18.2681
USDT-FUTURES:BTCUSDT,1777187400000,77941.8,77970.9,77941.7,77960.0,65.2376
USDT-FUTURES:BTCUSDT,1777187700000,77960.0,77988.0,77941.6,77959.9,61.6766
USDT-FUTURES:BTCUSDT,1777188000000,77959.9,77993.1,77959.9,77971.6,29.1483
USDT-FUTURES:BTCUSDT,1777188300000,77971.6,77971.6,77947.3,77953.0,12.714
USDT-FUTURES:BTCUSDT,1777188600000,77953.0,77954.0,77921.0,77933.0,40.3345
USDT-FUTURES:BTCUSDT,1777188900000,77933.0,77938.2,77917.0,77928.0,17.4215
USDT-FUTURES:BTCUSDT,1777189200000,77928.0,77938.2,77925.0,77931.1,7.5503
USDT-FUTURES:BTCUSDT,1777189500000,77931.1,77948.9,77931.1,77948.9,10.8215
USDT-FUTURES:BTCUSDT,1777189800000,77948.9,78031.5,77948.8,78010.1,86.6669
USDT-FUTURES:BTCUSDT,1777190100000,78010.1,78080.0,78010.1,78054.9,88.7299
USDT-FUTURES:BTCUSDT,1777190400000,78054.9,78077.3,78026.3,78076.7,189.8019
USDT-FUTURES:BTCUSDT,1777190700000,78076.7,78091.5,78016.1,78034.9,113.9003
USDT-FUTURES:BTCUSDT,1777191000000,78034.9,78034.9,77998.2,78033.3,52.6047
USDT-FUTURES:BTCUSDT,1777191300000,78033.3,78033.4,77993.7,77993.7,57.1861
USDT-FUTURES:BTCUSDT,1777191600000,77993.7,78000.1,77980.0,77996.1,66.2305
USDT-FUTURES:BTCUSDT,1777191900000,77996.1,78048.0,77996.1,78038.9,18.6615
USDT-FUTURES:BTCUSDT,1777192200000,78038.9,78085.5,78014.7,78085.5,113.4981
USDT-FUTURES:BTCUSDT,1777192500000,78085.5,78183.6,78085.4,78095.9,197.4615
USDT-FUTURES:BTCUSDT,1777192800000,78095.9,78107.6,77975.9,77998.3,229.9388
USDT-FUTURES:BTCUSDT,1777193100000,77998.3,78007.6,77981.0,77986.1,71.7011
USDT-FUTURES:BTCUSDT,1777193400000,77986.1,78008.3,77972.7,78008.2,54.1402
USDT-FUTURES:BTCUSDT,1777193700000,78008.2,78009.9,77981.0,77983.4,29.0111
USDT-FUTURES:BTCUSDT,1777194000000,77983.4,77983.4,77931.1,77950.2,70.4143
USDT-FUTURES:BTCUSDT,1777194300000,77950.2,77969.7,77927.0,77938.7,96.7237
USDT-FUTURES:BTCUSDT,1777194600000,77938.7,77972.3,77933.1,77972.2,72.176
USDT-FUTURES:BTCUSDT,1777194900000,77972.2,77976.8,77939.0,77941.8,34.8026
USDT-FUTURES:BTCUSDT,1777195200000,77941.8,77978.3,77941.7,77978.3,18.7533
USDT-FUTURES:BTCUSDT,1777195500000,77978.3,78011.4,77961.1,77966.1,26.1724
USDT-FUTURES:BTCUSDT,1777195800000,77966.1,77966.1,77917.1,77925.1,49.8233
USDT-FUTURES:BTCUSDT,1777196100000,77925.1,77930.0,77894.0,77908.7,105.4802
USDT-FUTURES:BTCUSDT,1777196400000,77908.7,77939.5,77879.1,77926.8,30.1298
USDT-FUTURES:BTCUSDT,1777196700000,77926.8,77926.9,77900.0,77923.0,30.755
USDT-FUTURES:BTCUSDT,1777197000000,77923.0,77960.0,77923.0,77949.0,20.7837
USDT-FUTURES:BTCUSDT,1777197300000,77949.0,77964.5,77948.9,77964.4,13.4992
USDT-FUTURES:BTCUSDT,1777197600000,77964.4,77964.4,77904.7,77923.0,101.7092
USDT-FUTURES:BTCUSDT,1777197900000,77923.0,78007.8,77923.0,77986.0,123.0234
USDT-FUTURES:BTCUSDT,1777198200000,77986.0,78006.1,77977.7,77987.4,34.4843
USDT-FUTURES:BTCUSDT,1777198500000,77987.4,78003.6,77970.0,77984.1,30.2184
USDT-FUTURES:BTCUSDT,1777198800000,77984.1,77989.6,77971.0,77971.1,34.2205
USDT-FUTURES:BTCUSDT,1777199100000,77971.1,77987.4,77958.8,77966.0,16.3031
USDT-FUTURES:BTCUSDT,1777199400000,77966.0,77967.6,77951.0,77967.5,12.7332
USDT-FUTURES:BTCUSDT,1777199700000,77967.5,77972.6,77953.5,77953.5,6.692
USDT-FUTURES:BTCUSDT,1777200000000,77953.5,77970.5,77924.0,77940.0,29.0205
USDT-FUTURES:BTCUSDT,1777200300000,77940.0,77961.7,77930.2,77931.2,53.8816
USDT-FUTURES:BTCUSDT,1777200600000,77931.2,77942.0,77915.0,77938.1,17.954
USDT-FUTURES:BTCUSDT,1777200900000,77938.1,77956.2,77936.1,77956.2,13.2674
USDT-FUTURES:BTCUSDT,1777201200000,77956.2,78029.6,77956.1,77979.6,45.5134
USDT-FUTURES:BTCUSDT,1777201500000,77979.6,78020.1,77979.5,78006.3,17.0612
USDT-FUTURES:BTCUSDT,1777201800000,78006.3,78048.2,78000.0,78000.0,69.5591
USDT-FUTURES:BTCUSDT,1777202100000,78000.0,78004.4,77989.6,78001.3,14.4106
USDT-FUTURES:BTCUSDT,1777202400000,78001.3,78066.7,78001.2,78066.7,41.2333
USDT-FUTURES:BTCUSDT,1777202700000,78066.7,78107.5,78055.0,78079.9,90.5586
USDT-FUTURES:BTCUSDT,1777203000000,78079.9,78095.6,78026.8,78049.4,100.3837
USDT-FUTURES:BTCUSDT,1777203300000,78049.4,78049.5,78019.0,78019.9,31.4462
USDT-FUTURES:BTCUSDT,1777203600000,78019.9,78039.3,78019.9,78027.5,13.8212
USDT-FUTURES:BTCUSDT,1777203900000,78027.5,78042.8,78000.0,78042.8,26.3262
USDT-FUTURES:BTCUSDT,1777204200000,78042.8,78077.3,78042.8,78058.1,28.6163
USDT-FUTURES:BTCUSDT,1777204500000,78058.1,78081.6,78043.1,78043.1,13.7436
USDT-FUTURES:BTCUSDT,1777204800000,78043.1,78057.3,78009.1,78009.1,20.9931
USDT-FUTURES:BTCUSDT,1777205100000,78009.1,78025.0,77991.2,77996.2,39.8756
USDT-FUTURES:BTCUSDT,1777205400000,77996.2,77996.3,77926.0,77930.0,48.1608
USDT-FUTURES:BTCUSDT,1777205700000,77930.0,77942.9,77917.6,77939.8,38.9107
USDT-FUTURES:BTCUSDT,1777206000000,77939.8,77973.9,77937.9,77949.0,35.4666
USDT-FUTURES:BTCUSDT,1777206300000,77949.0,77965.9,77913.3,77930.4,35.9038
USDT-FUTURES:BTCUSDT,1777206600000,77930.4,77937.9,77918.4,77931.4,34.4385
USDT-FUTURES:BTCUSDT,1777206900000,77931.4,77944.3,77930.0,77944.2,11.5659
USDT-FUTURES:BTCUSDT,1777207200000,77944.2,77944.2,77902.0,77902.0,84.9324
USDT-FUTURES:BTCUSDT,1777207500000,77902.0,77902.1,77722.6,77793.5,417.7929
USDT-FUTURES:BTCUSDT,1777207800000,77793.5,77838.8,77793.1,77797.0,77.3072
USDT-FUTURES:BTCUSDT,1777208100000,77797.0,77816.5,77761.0,77786.1,62.7967
USDT-FUTURES:BTCUSDT,1777208400000,77786.1,77806.4,77746.8,77797.6,49.3222
USDT-FUTURES:BTCUSDT,1777208700000,77797.6,77857.0,77769.2,77849.7,78.7219
USDT-FUTURES:BTCUSDT,1777209000000,77849.7,77888.5,77841.0,77858.0,103.8732
USDT-FUTURES:BTCUSDT,1777209300000,77858.0,77895.0,77813.1,77844.1,37.5281
USDT-FUTURES:BTCUSDT,1777209600000,77844.1,77849.0,77801.6,77801.6,42.3917
USDT-FUTURES:BTCUSDT,1777209900000,77801.6,77833.8,77764.5,77829.3,40.5835
USDT-FUTURES:BTCUSDT,1777210200000,77829.3,77923.0,77829.3,77918.2,240.9825
USDT-FUTURES:BTCUSDT,1777210500000,77918.2,77930.0,77877.3,77930.0,89.6081
USDT-FUTURES:BTCUSDT,1777210800000,77930.0,77945.0,77902.6,77940.0,41.913
USDT-FUTURES:BTCUSDT,1777211100000,77940.0,77945.0,77890.5,77896.8,52.892
USDT-FUTURES:BTCUSDT,1777211400000,77896.8,77913.7,77864.8,77909.4,43.8064
USDT-FUTURES:BTCUSDT,1777211700000,77909.4,77927.3,77877.3,77927.3,16.6765
USDT-FUTURES:BTCUSDT,1777212000000,77927.3,77927.3,77879.0,77888.5,15.356
USDT-FUTURES:BTCUSDT,1777212300000,77888.5,77911.4,77830.5,77911.4,58.6326
USDT-FUTURES:BTCUSDT,1777212600000,77911.4,77925.3,77876.3,77911.5,16.5965
USDT-FUTURES:BTCUSDT,1777212900000,77911.5,77995.3,77884.9,77974.6,50.477
USDT-FUTURES:BTCUSDT,1777213200000,77974.6,78123.0,77972.1,78005.9,349.5594
USDT-FUTURES:BTCUSDT,1777213500000,78005.9,78047.5,77982.8,78019.1,61.4289
USDT-FUTURES:BTCUSDT,1777213800000,78019.1,78036.0,77957.1,78028.5,53.7699
USDT-FUTURES:BTCUSDT,1777214100000,78028.5,78030.0,77985.3,78027.4,56.6518
USDT-FUTURES:BTCUSDT,1777214400000,78027.4,78088.0,77994.7,78006.7,83.9602
USDT-FUTURES:BTCUSDT,1777214700000,78006.7,78006.8,77945.0,77971.9,39.6167
USDT-FUTURES:BTCUSDT,1777215000000,77971.9,78105.8,77971.9,78091.2,106.9445
USDT-FUTURES:BTCUSDT,1777215300000,78091.2,78104.9,78027.5,78046.5,96.8155
USDT-FUTURES:BTCUSDT,1777215600000,78046.5,78082.1,78035.5,78052.1,32.2811
USDT-FUTURES:BTCUSDT,1777215900000,78052.1,78069.2,77979.6,78040.8,85.325
USDT-FUTURES:BTCUSDT,1777216200000,78040.8,78056.1,78032.4,78043.7,29.6957
USDT-FUTURES:BTCUSDT,1777216500000,78043.7,78081.9,78043.7,78062.1,35.2434
USDT-FUTURES:BTCUSDT,1777216800000,78062.1,78070.9,77950.0,77953.5,93.43
USDT-FUTURES:BTCUSDT,1777217100000,77953.5,78058.9,77953.5,78058.9,39.3307
USDT-FUTURES:BTCUSDT,1777217400000,78058.9,78068.6,77972.7,77991.9,48.0183
USDT-FUTURES:BTCUSDT,1777217700000,77991.9,78025.9,77991.9,78025.9,19.8093
USDT-FUTURES:BTCUSDT,1777218000000,78025.9,78025.9,77995.0,77999.1,31.116
USDT-FUTURES:BTCUSDT,1777218300000,77999.1,78006.2,77950.0,77972.4,22.2707
USDT-FUTURES:BTCUSDT,1777218600000,77972.4,78014.4,77972.3,78005.7,11.0225
USDT-FUTURES:BTCUSDT,1777218900000,78005.7,78005.8,77978.1,78005.7,12.9025
USDT-FUTURES:BTCUSDT,1777219200000,78005.7,78025.0,77950.4,78000.0,72.084
USDT-FUTURES:BTCUSDT,1777219500000,78000.0,78022.2,77962.0,78002.2,24.7395
USDT-FUTURES:BTCUSDT,1777219800000,78002.2,78007.7,77964.5,77964.6,10.4439
USDT-FUTURES:BTCUSDT,1777220100000,77964.6,77990.0,77964.5,77990.0,9.2003
USDT-FUTURES:BTCUSDT,1777220400000,77990.0,77999.0,77977.1,77998.0,13.5077
USDT-FUTURES:BTCUSDT,1777220700000,77998.0,78005.6,77973.8,77999.2,10.9449
USDT-FUTURES:BTCUSDT,1777221000000,77999.2,78042.8,77988.5,78034.0,15.3356
USDT-FUTURES:BTCUSDT,1777221300000,78034.0,78041.6,77987.3,78000.0,69.2168
USDT-FUTURES:BTCUSDT,1777221600000,78000.0,78000.1,77950.3,77950.4,20.9616
USDT-FUTURES:BTCUSDT,1777221900000,77950.4,77990.8,77882.9,77984.9,34.6825
USDT-FUTURES:BTCUSDT,1777222200000,77984.9,77992.1,77974.3,77984.1,11.0173
USDT-FUTURES:BTCUSDT,1777222500000,77984.1,77984.1,77883.0,77883.0,51.6343
USDT-FUTURES:BTCUSDT,1777222800000,77883.0,77925.6,77804.0,77925.6,143.5529
USDT-FUTURES:BTCUSDT,1777223100000,77925.6,77968.2,77909.2,77966.0,25.4351
USDT-FUTURES:BTCUSDT,1777223400000,77966.0,77976.6,77950.0,77972.6,30.6382
USDT-FUTURES:BTCUSDT,1777223700000,77972.6,77991.2,77971.8,77974.7,21.7973
USDT-FUTURES:BTCUSDT,1777224000000,77974.7,77987.1,77935.1,77965.2,20.1878
USDT-FUTURES:BTCUSDT,1777224300000,77965.2,78008.6,77965.2,77970.3,10.8982
USDT-FUTURES:BTCUSDT,1777224600000,77970.3,77970.3,77913.0,77943.8,22.3371
USDT-FUTURES:BTCUSDT,1777224900000,77943.8,77957.6,77922.5,77938.1,19.8031
USDT-FUTURES:BTCUSDT,1777225200000,77938.1,77984.3,77938.1,77973.0,30.4113
USDT-FUTURES:BTCUSDT,1777225500000,77973.0,78013.9,77957.2,77983.1,25.4114
USDT-FUTURES:BTCUSDT,1777225800000,77983.1,78008.4,77977.4,77979.1,56.1338
USDT-FUTURES:BTCUSDT,1777226100000,77979.1,77997.2,77969.8,77974.8,16.7889
USDT-FUTURES:BTCUSDT,1777226400000,77974.8,77992.7,77957.2,77957.2,26.2018
USDT-FUTURES:BTCUSDT,1777226700000,77957.2,78049.9,77950.0,78039.0,67.4803
USDT-FUTURES:BTCUSDT,1777227000000,78039.0,78117.1,77973.3,78051.0,230.4054
USDT-FUTURES:BTCUSDT,1777227300000,78051.0,78310.0,78024.0,78150.7,1061.045
USDT-FUTURES:BTCUSDT,1777227600000,78150.7,78200.6,78133.3,78170.4,99.935
USDT-FUTURES:BTCUSDT,1777227900000,78170.4,78172.8,78110.8,78130.3,41.9305
USDT-FUTURES:BTCUSDT,1777228200000,78130.3,78165.6,78090.0,78090.0,98.972
USDT-FUTURES:BTCUSDT,1777228500000,78090.0,78145.5,78090.0,78114.1,20.6151
USDT-FUTURES:BTCUSDT,1777228800000,78114.1,78185.3,78114.1,78163.2,25.586
USDT-FUTURES:BTCUSDT,1777229100000,78163.2,78228.0,78137.9,78196.8,87.8149
USDT-FUTURES:BTCUSDT,1777229400000,78196.8,78223.0,78186.6,78223.0,60.2401
USDT-FUTURES:BTCUSDT,1777229700000,78223.0,78247.2,78183.0,78229.3,111.5292
USDT-FUTURES:BTCUSDT,1777230000000,78229.3,78265.7,78132.3,78158.0,195.5014
USDT-FUTURES:BTCUSDT,1777230300000,78158.0,78255.7,78144.7,78246.1,114.2417
USDT-FUTURES:BTCUSDT,1777230600000,78246.1,78390.0,78246.1,78345.5,356.8532
USDT-FUTURES:BTCUSDT,1777230900000,78345.5,78464.6,78296.3,78349.9,600.0293
USDT-FUTURES:BTCUSDT,1777231200000,78349.9,78360.9,78168.9,78168.9,182.5169
USDT-FUTURES:BTCUSDT,1777231500000,78168.9,78203.7,77967.7,78142.4,538.9533
USDT-FUTURES:BTCUSDT,1777231800000,78142.4,78178.7,78045.0,78105.4,81.0237
USDT-FUTURES:BTCUSDT,1777232100000,78105.4,78164.0,78000.7,78046.0,104.5467
USDT-FUTURES:BTCUSDT,1777232400000,78046.0,78146.2,78045.9,78138.4,94.2312
USDT-FUTURES:BTCUSDT,1777232700000,78138.4,78184.7,78127.1,78184.7,19.9592
USDT-FUTURES:BTCUSDT,1777233000000,78184.7,78233.8,78184.7,78220.3,56.3338
USDT-FUTURES:BTCUSDT,1777233300000,78220.3,78240.0,78171.8,78181.3,30.6026
USDT-FUTURES:BTCUSDT,1777233600000,78181.3,78201.6,78146.3,78200.9,31.1537
USDT-FUTURES:BTCUSDT,1777233900000,78200.9,78217.7,78182.3,78206.8,75.5192
USDT-FUTURES:BTCUSDT,1777234200000,78206.8,78207.5,78133.2,78133.2,24.7772
USDT-FUTURES:BTCUSDT,1777234500000,78133.2,78160.0,78117.6,78124.0,35.8321
USDT-FUTURES:BTCUSDT,1777234800000,78124.0,78167.1,78105.3,78167.1,46.2046
USDT-FUTURES:BTCUSDT,1777235100000,78167.1,78191.6,78159.4,78178.0,70.3724
USDT-FUTURES:BTCUSDT,1777235400000,78178.0,78329.0,78178.0,78302.3,169.1687
USDT-FUTURES:BTCUSDT,1777235700000,78302.3,78342.5,78208.1,78208.1,116.9868
USDT-FUTURES:BTCUSDT,1777236000000,78208.1,78260.1,78198.1,78235.7,52.0129
USDT-FUTURES:BTCUSDT,1777236300000,78235.7,78308.6,78214.3,78232.0,77.4395
USDT-FUTURES:BTCUSDT,1777236600000,78232.0,78250.1,78200.9,78200.9,14.1687
USDT-FUTURES:BTCUSDT,1777236900000,78200.9,78200.9,78134.7,78144.3,62.5621
USDT-FUTURES:BTCUSDT,1777237200000,78144.3,78224.1,78138.7,78224.0,25.4372
USDT-FUTURES:BTCUSDT,1777237500000,78224.0,78240.9,78210.0,78210.1,14.3401
USDT-FUTURES:BTCUSDT,1777237800000,78210.1,78243.0,78192.7,78192.7,13.8085
USDT-FUTURES:BTCUSDT,1777238100000,78192.7,78225.6,78176.1,78206.4,18.6676
USDT-FUTURES:BTCUSDT,1777238400000,78206.4,78225.0,78206.3,78209.8,12.8056
USDT-FUTURES:BTCUSDT,1777238700000,78209.8,78231.9,78135.0,78147.3,51.6634
USDT-FUTURES:BTCUSDT,1777239000000,78147.3,78147.3,77907.0,77987.8,272.9915
USDT-FUTURES:BTCUSDT,1777239300000,77987.8,78066.1,77930.0,77992.8,114.789
USDT-FUTURES:BTCUSDT,1777239600000,77992.8,77999.1,77914.1,77942.9,40.9381
USDT-FUTURES:BTCUSDT,1777239900000,77942.9,77952.8,77813.8,77910.1,122.969
USDT-FUTURES:BTCUSDT,1777240200000,77910.1,78542.8,77800.0,78521.3,477.1822
USDT-FUTURES:BTCUSDT,1777240500000,78521.3,78889.0,78300.5,78366.9,1665.792
USDT-FUTURES:BTCUSDT,1777240800000,78366.9,78542.5,78312.1,78366.3,361.8572
USDT-FUTURES:BTCUSDT,1777241100000,78366.3,78528.9,78341.4,78480.2,259.7451
USDT-FUTURES:BTCUSDT,1777241400000,78480.2,78528.7,78425.0,78516.8,102.0669
USDT-FUTURES:BTCUSDT,1777241700000,78516.8,78815.8,78503.0,78701.8,442.6677
USDT-FUTURES:BTCUSDT,1777242000000,78701.8,78724.7,78602.6,78616.8,112.3739
USDT-FUTURES:BTCUSDT,1777242300000,78616.8,78639.8,78450.1,78474.3,138.4967
USDT-FUTURES:BTCUSDT,1777242600000,78474.3,78474.3,77916.5,78010.1,601.543
USDT-FUTURES:BTCUSDT,1777242900000,78010.1,78154.6,77959.1,78117.9,229.9733
USDT-FUTURES:BTCUSDT,1777243200000,78117.9,78242.1,78105.3,78240.7,85.1099
USDT-FUTURES:BTCUSDT,1777243500000,78240.7,78398.4,78215.3,78353.1,168.5125
USDT-FUTURES:BTCUSDT,1777243800000,78353.1,78353.1,78257.8,78316.9,75.0692
USDT-FUTURES:BTCUSDT,1777244100000,78316.9,78324.6,78251.7,78274.9,44.2083
USDT-FUTURES:BTCUSDT,1777244400000,78274.9,78360.6,78216.0,78276.9,180.6052
USDT-FUTURES:BTCUSDT,1777244700000,78276.9,78319.7,78229.3,78278.1,83.8426
USDT-FUTURES:BTCUSDT,1777245000000,78278.1,78360.0,78278.1,78311.1,104.0391
USDT-FUTURES:BTCUSDT,1777245300000,78311.1,78362.0,78222.5,78245.1,110.0688
USDT-FUTURES:BTCUSDT,1777245600000,78245.1,78424.6,78245.1,78351.0,77.4873
USDT-FUTURES:BTCUSDT,1777245900000,78351.0,78408.2,78100.1,78100.1,169.9027
USDT-FUTURES:BTCUSDT,1777246200000,78100.1,78390.0,77996.8,78300.1,546.3772
USDT-FUTURES:BTCUSDT,1777246500000,78300.1,78444.0,78246.3,78400.0,95.2354
USDT-FUTURES:BTCUSDT,1777246800000,78400.0,78575.3,78390.0,78558.9,363.5393
USDT-FUTURES:BTCUSDT,1777247100000,78558.9,78858.4,78544.2,78719.2,487.1938
USDT-FUTURES:BTCUSDT,1777247400000,78719.2,78772.3,78610.0,78610.0,169.6193
USDT-FUTURES:BTCUSDT,1777247700000,78610.0,78625.0,78571.6,78611.8,87.4059
USDT-FUTURES:BTCUSDT,1777248000000,78611.8,78832.9,78606.7,78759.4,469.0743
USDT-FUTURES:BTCUSDT,1777248300000,78759.4,78795.9,78665.4,78672.0,90.5004
USDT-FUTURES:BTCUSDT,1777248600000,78672.0,78692.8,78515.4,78542.0,212.8896
USDT-FUTURES:BTCUSDT,1777248900000,78542.0,78581.9,78500.0,78577.0,156.1909
USDT-FUTURES:BTCUSDT,1777249200000,78577.0,78613.5,78501.7,78506.4,143.3961
USDT-FUTURES:BTCUSDT,1777249500000,78506.4,78506.4,78350.0,78443.6,121.5866
USDT-FUTURES:BTCUSDT,1777249800000,78443.6,78469.8,78362.6,78447.2,51.5307
USDT-FUTURES:BTCUSDT,1777250100000,78447.2,78633.0,78425.8,78633.0,145.8432
USDT-FUTURES:BTCUSDT,1777250400000,78633.0,78793.8,78632.9,78769.8,135.7992
USDT-FUTURES:BTCUSDT,1777250700000,78769.8,78866.1,78769.8,78772.0,201.8739
USDT-FUTURES:BTCUSDT,1777251000000,78772.0,78978.9,78731.2,78921.2,315.3391
USDT-FUTURES:BTCUSDT,1777251300000,78921.2,79435.5,78921.2,79279.4,1691.3779
USDT-FUTURES:BTCUSDT,1777251600000,79279.4,79459.0,79277.2,79317.0,1266.0663
USDT-FUTURES:BTCUSDT,1777251900000,79317.0,79368.3,79091.0,79101.0,272.8947
USDT-FUTURES:BTCUSDT,1777252200000,79101.0,79187.6,79069.4,79095.0,164.8911
USDT-FUTURES:BTCUSDT,1777252500000,79095.0,79095.0,78938.8,78978.3,370.5021
USDT-FUTURES:BTCUSDT,1777252800000,78978.3,79039.6,78927.8,78994.3,148.9541
USDT-FUTURES:BTCUSDT,1777253100000,78994.3,78994.3,78682.7,78870.2,500.8287
USDT-FUTURES:BTCUSDT,1777253400000,78870.2,78964.8,78807.0,78827.4,178.5295
USDT-FUTURES:BTCUSDT,1777253700000,78827.4,79097.1,78810.7,79025.7,148.2199
USDT-FUTURES:BTCUSDT,1777254000000,79025.7,79131.5,78962.0,79016.0,205.1741
USDT-FUTURES:BTCUSDT,1777254300000,79016.0,79342.9,79016.0,79291.5,522.2754
USDT-FUTURES:BTCUSDT,1777254600000,79291.5,79295.0,79128.9,79183.1,168.3386
USDT-FUTURES:BTCUSDT,1777254900000,79183.1,79252.9,79036.6,79240.5,174.66
USDT-FUTURES:BTCUSDT,1777255200000,79240.5,79270.9,79100.8,79156.8,87.4807
USDT-FUTURES:BTCUSDT,1777255500000,79156.8,79156.9,79064.1,79107.8,82.1153
USDT-FUTURES:BTCUSDT,1777255800000,79107.8,79200.0,79036.7,79141.9,116.6554
USDT-FUTURES:BTCUSDT,1777256100000,79141.9,79220.5,79129.8,79130.9,159.8493
USDT-FUTURES:BTCUSDT,1777256400000,79130.9,79130.9,79062.0,79062.2,53.3989
USDT-FUTURES:BTCUSDT,1777256700000,79062.2,79083.5,78989.0,79083.5,176.4111
USDT-FUTURES:BTCUSDT,1777257000000,79083.5,79210.0,79004.2,79038.8,168.8474
USDT-FUTURES:BTCUSDT,1777257300000,79038.8,79076.2,79000.0,79033.0,66.6737
USDT-FUTURES:BTCUSDT,1777257600000,79033.0,79052.9,79006.4,79037.1,124.3043
USDT-FUTURES:BTCUSDT,1777257900000,79037.1,79092.2,79025.7,79055.1,52.2841
USDT-FUTURES:BTCUSDT,1777258200000,79055.1,79165.3,79031.0,79156.1,64.5702
USDT-FUTURES:BTCUSDT,1777258500000,79156.1,79163.3,79085.0,79085.0,31.6128
USDT-FUTURES:BTCUSDT,1777258800000,79085.0,79140.4,79027.6,79096.5,71.476
USDT-FUTURES:BTCUSDT,1777259100000,79096.5,79150.0,79092.9,79150.0,152.6372
USDT-FUTURES:BTCUSDT,1777259400000,79150.0,79214.2,79146.4,79164.6,134.2121
USDT-FUTURES:BTCUSDT,1777259700000,79164.6,79219.8,79125.3,79196.6,91.1388
USDT-FUTURES:BTCUSDT,1777260000000,79196.6,79230.0,79148.4,79197.9,184.1826
USDT-FUTURES:BTCUSDT,1777260300000,79197.9,79226.9,79166.3,79202.6,45.0542
USDT-FUTURES:BTCUSDT,1777260600000,79202.6,79276.0,79180.4,79209.3,87.1967
USDT-FUTURES:BTCUSDT,1777260900000,79209.3,79218.7,79128.3,79161.4,62.518
USDT-FUTURES:BTCUSDT,1777261200000,79161.4,79200.0,79150.0,79200.0,49.2022
USDT-FUTURES:BTCUSDT,1777261500000,79200.0,79212.0,79120.1,79169.9,31.167
USDT-FUTURES:BTCUSDT,1777261800000,79169.9,79177.6,79088.0,79104.0,150.7622
USDT-FUTURES:BTCUSDT,1777262100000,79104.0,79112.0,79033.3,79064.0,130.3118
USDT-FUTURES:BTCUSDT,1777262400000,79064.0,79090.5,79033.0,79084.6,154.6262
USDT-FUTURES:BTCUSDT,1777262700000,79084.6,79084.6,79006.0,79040.1,127.3586
USDT-FUTURES:BTCUSDT,1777263000000,79040.1,79040.1,78960.0,79013.8,64.0684
USDT-FUTURES:BTCUSDT,1777263300000,79013.8,79025.5,78966.8,79002.3,57.2729
USDT-FUTURES:BTCUSDT,1777263600000,79002.3,79054.5,78979.9,79008.5,54.2949
USDT-FUTURES:BTCUSDT,1777263900000,79008.5,79089.2,79000.0,79085.1,43.7879
USDT-FUTURES:BTCUSDT,1777264200000,79085.1,79125.3,78990.0,79001.1,177.4582
USDT-FUTURES:BTCUSDT,1777264500000,79001.1,79090.0,78990.0,79058.5,125.8894
USDT-FUTURES:BTCUSDT,1777264800000,79058.5,79072.6,79027.9,79027.9,18.9859
USDT-FUTURES:BTCUSDT,1777265100000,79027.9,79047.8,78951.3,78951.4,124.9832
USDT-FUTURES:BTCUSDT,1777265400000,78951.4,78967.7,78900.0,78953.4,145.0537
USDT-FUTURES:BTCUSDT,1777265700000,78953.4,78953.5,78831.7,78886.6,90.7606
USDT-FUTURES:BTCUSDT,1777266000000,78886.6,78903.3,78725.0,78726.7,321.4051
USDT-FUTURES:BTCUSDT,1777266300000,78726.7,78734.4,78610.0,78687.1,335.7835
USDT-FUTURES:BTCUSDT,1777266600000,78687.1,78693.9,78358.9,78372.8,743.1181
USDT-FUTURES:BTCUSDT,1777266900000,78372.8,78385.6,77941.2,77995.3,1631.372
USDT-FUTURES:BTCUSDT,1777267200000,77995.3,78000.0,77771.6,77965.6,1083.2123
USDT-FUTURES:BTCUSDT,1777267500000,77965.6,77965.6,77787.2,77803.1,481.4829
USDT-FUTURES:BTCUSDT,1777267800000,77803.1,77850.0,77642.7,77847.5,574.5939
USDT-FUTURES:BTCUSDT,1777268100000,77847.5,77847.5,77539.6,77715.1,698.9439
USDT-FUTURES:BTCUSDT,1777268400000,77715.1,77789.5,77668.8,77777.1,313.3067
USDT-FUTURES:BTCUSDT,1777268700000,77777.1,77845.0,77712.2,77774.9,233.844
USDT-FUTURES:BTCUSDT,1777269000000,77774.9,77834.8,77730.0,77800.0,348.9892
USDT-FUTURES:BTCUSDT,1777269300000,77800.0,77836.0,77759.9,77759.9,98.9889
USDT-FUTURES:BTCUSDT,1777269600000,77759.9,77776.0,77713.7,77719.5,148.4882
USDT-FUTURES:BTCUSDT,1777269900000,77719.5,77789.0,77636.5,77748.3,215.0295
USDT-FUTURES:BTCUSDT,1777270200000,77748.3,77762.8,77700.0,77701.1,81.7757
USDT-FUTURES:BTCUSDT,1777270500000,77701.1,77825.5,77665.5,77825.5,185.1678
USDT-FUTURES:BTCUSDT,1777270800000,77825.5,77850.0,77781.5,77820.2,155.4576
USDT-FUTURES:BTCUSDT,1777271100000,77820.2,77820.2,77705.0,77705.0,131.9571
USDT-FUTURES:BTCUSDT,1777271400000,77705.0,77705.1,77424.9,77591.8,592.4976
USDT-FUTURES:BTCUSDT,1777271700000,77591.8,77628.9,77550.8,77567.4,131.4043
USDT-FUTURES:BTCUSDT,1777272000000,77567.4,77620.0,77554.4,77594.4,63.5901
USDT-FUTURES:BTCUSDT,1777272300000,77594.4,77697.4,77586.8,77695.6,126.7573
USDT-FUTURES:BTCUSDT,1777272600000,77695.6,77714.8,77637.2,77693.2,73.4996
USDT-FUTURES:BTCUSDT,1777272900000,77693.2,77720.0,77680.0,77680.0,57.5244
USDT-FUTURES:BTCUSDT,1777273200000,77680.0,77713.7,77620.0,77643.9,98.0749
USDT-FUTURES:BTCUSDT,1777273500000,77643.9,77643.9,77538.7,77591.5,90.4045
USDT-FUTURES:BTCUSDT,1777273800000,77591.5,77641.0,77555.0,77617.7,72.3794
USDT-FUTURES:BTCUSDT,1777274100000,77617.7,77662.3,77538.9,77653.8,121.1871
USDT-FUTURES:BTCUSDT,1777274400000,77653.8,77712.0,77621.8,77681.5,65.8218
USDT-FUTURES:BTCUSDT,1777274700000,77681.5,77694.5,77629.9,77659.3,63.6943
USDT-FUTURES:BTCUSDT,1777275000000,77659.3,77659.4,77575.9,77585.1,46.1681
USDT-FUTURES:BTCUSDT,1777275300000,77585.1,77635.3,77557.9,77621.1,65.612
USDT-FUTURES:BTCUSDT,1777275600000,77621.1,77660.0,77610.6,77648.4,32.1319
USDT-FUTURES:BTCUSDT,1777275900000,77648.4,77670.0,77596.6,77645.1,58.2287
USDT-FUTURES:BTCUSDT,1777276200000,77645.1,77712.6,77625.0,77656.8,122.5895
USDT-FUTURES:BTCUSDT,1777276500000,77656.8,77685.1,77574.5,77574.5,46.4744
USDT-FUTURES:BTCUSDT,1777276800000,77574.5,77680.5,77559.1,77680.4,62.0079
USDT-FUTURES:BTCUSDT,1777277100000,77680.4,77698.1,77581.4,77586.3,42.2791
USDT-FUTURES:BTCUSDT,1777277400000,77586.3,77625.4,77574.8,77610.0,65.9676
USDT-FUTURES:BTCUSDT,1777277700000,77610.0,77667.2,77610.0,77630.1,62.4233
USDT-FUTURES:BTCUSDT,1777278000000,77630.1,77644.8,77571.2,77624.7,70.6224
USDT-FUTURES:BTCUSDT,1777278300000,77624.7,77636.3,77536.1,77545.6,73.5084
USDT-FUTURES:BTCUSDT,1777278600000,77545.6,77587.1,77516.8,77583.8,81.9666
USDT-FUTURES:BTCUSDT,1777278900000,77583.8,77642.5,77572.5,77606.4,47.4829
USDT-FUTURES:BTCUSDT,1777279200000,77606.4,77606.4,77550.0,77590.3,27.0436
USDT-FUTURES:BTCUSDT,1777279500000,77590.3,77722.3,77590.2,77703.0,316.9713
USDT-FUTURES:BTCUSDT,1777279800000,77703.0,77777.0,77686.1,77730.1,216.345
USDT-FUTURES:BTCUSDT,1777280100000,77730.1,77791.8,77730.0,77775.0,139.2247
USDT-FUTURES:BTCUSDT,1777280400000,77775.0,77813.1,77754.6,77787.7,72.4097
USDT-FUTURES:BTCUSDT,1777280700000,77787.7,77824.4,77759.3,77759.3,79.023
USDT-FUTURES:BTCUSDT,1777281000000,77759.3,77819.1,77750.0,77816.0,47.3861
USDT-FUTURES:BTCUSDT,1777281300000,77816.0,77818.4,77724.7,77724.8,62.9632
USDT-FUTURES:BTCUSDT,1777281600000,77724.8,77741.7,77671.0,77671.0,90.6959
USDT-FUTURES:BTCUSDT,1777281900000,77671.0,77750.0,77670.0,77744.0,48.7311
USDT-FUTURES:BTCUSDT,1777282200000,77744.0,77926.9,77723.0,77888.3,342.7565
USDT-FUTURES:BTCUSDT,1777282500000,77888.3,77918.5,77840.1,77868.7,229.3143
USDT-FUTURES:BTCUSDT,1777282800000,77868.7,77937.0,77850.8,77915.9,101.5338
USDT-FUTURES:BTCUSDT,1777283100000,77915.9,77940.0,77862.5,77873.9,95.2099
USDT-FUTURES:BTCUSDT,1777283400000,77873.9,77956.3,77862.7,77956.3,64.2745
USDT-FUTURES:BTCUSDT,1777283700000,77956.3,77956.3,77867.7,77867.7,52.5186
USDT-FUTURES:BTCUSDT,1777284000000,77867.7,77914.1,77817.3,77828.1,94.7485
USDT-FUTURES:BTCUSDT,1777284300000,77828.1,77828.1,77766.2,77799.9,135.5549
USDT-FUTURES:BTCUSDT,1777284600000,77799.9,77812.4,77780.1,77785.9,40.4621
USDT-FUTURES:BTCUSDT,1777284900000,77785.9,77802.6,77768.2,77800.0,47.201
USDT-FUTURES:BTCUSDT,1777285200000,77800.0,77800.0,77760.9,77766.1,26.8052
USDT-FUTURES:BTCUSDT,1777285500000,77766.1,77777.3,77750.1,77777.3,35.49
USDT-FUTURES:BTCUSDT,1777285800000,77777.3,77809.4,77761.2,77795.3,30.3963
USDT-FUTURES:BTCUSDT,1777286100000,77795.3,77843.0,77795.2,77836.0,38.9144
USDT-FUTURES:BTCUSDT,1777286400000,77836.0,77896.5,77836.0,77841.0,54.6679
USDT-FUTURES:BTCUSDT,1777286700000,77841.0,77841.4,77810.6,77811.2,20.4037
USDT-FUTURES:BTCUSDT,1777287000000,77811.2,77870.6,77810.4,77819.0,27.2443
USDT-FUTURES:BTCUSDT,1777287300000,77819.0,77833.5,77809.9,77810.0,22.9279
USDT-FUTURES:BTCUSDT,1777287600000,77810.0,77847.8,77754.5,77757.0,31.5034
USDT-FUTURES:BTCUSDT,1777287900000,77757.0,77799.9,77711.4,77716.5,70.4874
USDT-FUTURES:BTCUSDT,1777288200000,77716.5,77748.6,77696.2,77742.3,86.7617
USDT-FUTURES:BTCUSDT,1777288500000,77742.3,77760.5,77709.1,77760.5,36.1458
USDT-FUTURES:BTCUSDT,1777288800000,77760.5,77815.0,77750.4,77805.3,54.5215
USDT-FUTURES:BTCUSDT,1777289100000,77805.3,77853.0,77790.2,77822.2,70.6605
USDT-FUTURES:BTCUSDT,1777289400000,77822.2,77852.8,77790.4,77803.5,20.4416
USDT-FUTURES:BTCUSDT,1777289700000,77803.5,77807.0,77742.0,77759.1,36.8739
USDT-FUTURES:BTCUSDT,1777290000000,77759.1,77784.8,77759.0,77771.5,24.5053
USDT-FUTURES:BTCUSDT,1777290300000,77771.5,77773.6,77753.7,77765.6,19.8745
USDT-FUTURES:BTCUSDT,1777290600000,77765.6,77795.8,77746.1,77781.7,13.443
USDT-FUTURES:BTCUSDT,1777290900000,77781.7,77820.0,77781.6,77805.4,24.4612
USDT-FUTURES:BTCUSDT,1777291200000,77805.4,77810.5,77693.3,77704.8,69.0799
USDT-FUTURES:BTCUSDT,1777291500000,77704.8,77755.0,77704.7,77746.1,29.4332
USDT-FUTURES:BTCUSDT,1777291800000,77746.1,77835.1,77746.1,77793.0,81.5116
USDT-FUTURES:BTCUSDT,1777292100000,77793.0,77825.3,77784.7,77784.8,26.0527
USDT-FUTURES:BTCUSDT,1777292400000,77784.8,77808.2,77720.1,77731.8,32.0351
USDT-FUTURES:BTCUSDT,1777292700000,77731.8,77767.2,77670.0,77712.7,99.317
USDT-FUTURES:BTCUSDT,1777293000000,77712.7,77745.5,77686.6,77690.2,39.9624
USDT-FUTURES:BTCUSDT,1777293300000,77690.2,77734.8,77621.5,77628.0,112.8248
USDT-FUTURES:BTCUSDT,1777293600000,77628.0,77740.0,77609.5,77711.0,98.5541
USDT-FUTURES:BTCUSDT,1777293900000,77711.0,77744.3,77663.1,77742.0,66.6619
USDT-FUTURES:BTCUSDT,1777294200000,77742.0,77744.1,77631.1,77650.2,90.1075
USDT-FUTURES:BTCUSDT,1777294500000,77650.2,77675.4,77582.6,77634.0,99.5193
USDT-FUTURES:BTCUSDT,1777294800000,77634.0,77677.0,77606.5,77628.8,96.3015
USDT-FUTURES:BTCUSDT,1777295100000,77628.8,77720.0,77601.1,77719.9,148.7478
USDT-FUTURES:BTCUSDT,1777295400000,77719.9,77742.6,77667.0,77674.0,123.5484
USDT-FUTURES:BTCUSDT,1777295700000,77674.0,77756.6,77645.1,77722.1,41.5318
USDT-FUTURES:BTCUSDT,1777296000000,77722.1,77759.8,77707.6,77750.4,50.5143
USDT-FUTURES:BTCUSDT,1777296300000,77750.4,77750.4,77608.0,77676.1,174.1932
USDT-FUTURES:BTCUSDT,1777296600000,77676.1,77746.3,77589.4,77702.9,224.5682
USDT-FUTURES:BTCUSDT,1777296900000,77702.9,77828.8,77680.0,77799.8,188.8319
USDT-FUTURES:BTCUSDT,1777297200000,77799.8,77928.1,77722.6,77813.0,340.3098
USDT-FUTURES:BTCUSDT,1777297500000,77813.0,77821.9,77562.8,77605.3,291.3107
USDT-FUTURES:BTCUSDT,1777297800000,77605.3,77690.0,77527.0,77689.9,492.0867
USDT-FUTURES:BTCUSDT,1777298100000,77689.9,77760.0,77672.6,77711.5,97.5851
USDT-FUTURES:BTCUSDT,1777298400000,77711.5,77789.4,77671.5,77677.2,240.8602
USDT-FUTURES:BTCUSDT,1777298700000,77677.2,77890.8,77634.0,77779.6,313.1444
USDT-FUTURES:BTCUSDT,1777299000000,77779.6,77875.3,77720.8,77824.4,124.795
USDT-FUTURES:BTCUSDT,1777299300000,77824.4,77885.0,77780.8,77858.3,296.0609
USDT-FUTURES:BTCUSDT,1777299600000,77858.3,77868.0,77800.1,77867.9,51.2376
USDT-FUTURES:BTCUSDT,1777299900000,77867.9,77886.0,77828.5,77843.4,47.6478
USDT-FUTURES:BTCUSDT,1777300200000,77843.4,77947.4,77803.2,77904.7,327.1002
USDT-FUTURES:BTCUSDT,1777300500000,77904.7,78187.9,77904.7,78100.0,1003.2452
USDT-FUTURES:BTCUSDT,1777300800000,78100.0,78150.0,77991.4,78139.2,168.0672
USDT-FUTURES:BTCUSDT,1777301100000,78139.2,78237.7,78088.2,78184.1,265.7557
USDT-FUTURES:BTCUSDT,1777301400000,78184.1,78184.2,77822.8,77891.7,350.4451
USDT-FUTURES:BTCUSDT,1777301700000,77891.7,77897.2,77750.0,77780.5,412.3883
USDT-FUTURES:BTCUSDT,1777302000000,77780.5,77793.3,77250.0,77317.8,1334.8372
USDT-FUTURES:BTCUSDT,1777302300000,77317.8,77512.9,77255.9,77407.6,666.58
USDT-FUTURES:BTCUSDT,1777302600000,77407.6,77486.7,77291.2,77340.1,230.022
USDT-FUTURES:BTCUSDT,1777302900000,77340.1,77340.4,76837.8,76948.0,1780.6028
USDT-FUTURES:BTCUSDT,1777303200000,76948.0,77044.0,76556.0,76592.5,1394.0421
USDT-FUTURES:BTCUSDT,1777303500000,76592.5,76826.9,76513.8,76826.9,1415.3077
USDT-FUTURES:BTCUSDT,1777303800000,76826.9,77032.7,76800.0,77013.1,714.651
USDT-FUTURES:BTCUSDT,1777304100000,77013.1,77036.7,76933.1,77005.3,243.8686
USDT-FUTURES:BTCUSDT,1777304400000,77005.3,77067.5,76971.7,77011.8,162.8501
USDT-FUTURES:BTCUSDT,1777304700000,77011.8,77019.9,76766.0,76780.9,261.4366
USDT-FUTURES:BTCUSDT,1777305000000,76780.9,76866.6,76702.6,76820.0,327.1457
USDT-FUTURES:BTCUSDT,1777305300000,76820.0,76824.9,76710.0,76764.1,106.9371
USDT-FUTURES:BTCUSDT,1777305600000,76764.1,76792.7,76628.6,76742.9,500.0532
USDT-FUTURES:BTCUSDT,1777305900000,76742.9,76826.8,76617.8,76716.6,191.4009
USDT-FUTURES:BTCUSDT,1777306200000,76716.6,76759.9,76673.0,76747.2,101.7176
USDT-FUTURES:BTCUSDT,1777306500000,76747.2,76839.9,76745.5,76805.3,148.3856
USDT-FUTURES:BTCUSDT,1777306800000,76805.3,76823.1,76701.4,76701.4,66.9288
USDT-FUTURES:BTCUSDT,1777307100000,76701.4,76754.9,76701.4,76718.3,80.651
USDT-FUTURES:BTCUSDT,1777307400000,76718.3,76792.0,76718.3,76739.9,111.3452
USDT-FUTURES:BTCUSDT,1777307700000,76739.9,76739.9,76640.8,76676.1,134.8691
USDT-FUTURES:BTCUSDT,1777308000000,76676.1,76676.1,76568.0,76569.8,165.3917
USDT-FUTURES:BTCUSDT,1777308300000,76569.8,76625.0,76566.5,76587.0,133.3215
USDT-FUTURES:BTCUSDT,1777308600000,76587.0,76668.1,76580.5,76634.2,76.8665
USDT-FUTURES:BTCUSDT,1777308900000,76634.2,76662.0,76522.0,76591.9,141.9607
USDT-FUTURES:BTCUSDT,1777309200000,76591.9,76773.6,76590.0,76758.8,150.2371
USDT-FUTURES:BTCUSDT,1777309500000,76758.8,76769.8,76620.0,76657.0,112.9316
USDT-FUTURES:BTCUSDT,1777309800000,76657.0,76721.8,76611.5,76671.0,54.2862
USDT-FUTURES:BTCUSDT,1777310100000,76671.0,76736.5,76610.2,76654.1,120.8986
USDT-FUTURES:BTCUSDT,1777310400000,76654.1,76789.3,76604.6,76746.1,120.319
USDT-FUTURES:BTCUSDT,1777310700000,76746.1,76859.1,76736.1,76805.1,456.0255
USDT-FUTURES:BTCUSDT,1777311000000,76805.1,76902.6,76805.0,76887.4,80.1561
USDT-FUTURES:BTCUSDT,1777311300000,76887.4,76903.4,76809.0,76809.1,113.9916
USDT-FUTURES:BTCUSDT,1777311600000,76809.1,76886.9,76728.8,76831.6,351.1209
USDT-FUTURES:BTCUSDT,1777311900000,76831.6,76862.8,76767.4,76775.5,44.3982
USDT-FUTURES:BTCUSDT,1777312200000,76775.5,76779.7,76683.5,76731.9,93.9365
USDT-FUTURES:BTCUSDT,1777312500000,76731.9,76746.4,76669.3,76710.8,175.9898
USDT-FUTURES:BTCUSDT,1777312800000,76710.8,76787.5,76668.9,76742.3,144.9177
USDT-FUTURES:BTCUSDT,1777313100000,76742.3,76777.1,76651.8,76651.8,38.1165
USDT-FUTURES:BTCUSDT,1777313400000,76651.8,76730.4,76651.8,76719.9,35.8144
USDT-FUTURES:BTCUSDT,1777313700000,76719.9,76823.9,76719.9,76750.1,58.7553
USDT-FUTURES:BTCUSDT,1777314000000,76750.1,76788.0,76708.2,76754.9,33.9071
USDT-FUTURES:BTCUSDT,1777314300000,76754.9,76754.9,76634.6,76664.2,58.5727
USDT-FUTURES:BTCUSDT,1777314600000,76664.2,76726.0,76639.6,76691.7,36.9281
USDT-FUTURES:BTCUSDT,1777314900000,76691.7,76725.0,76680.0,76692.4,41.4253
USDT-FUTURES:BTCUSDT,1777315200000,76692.4,76744.0,76684.5,76736.7,70.9486
USDT-FUTURES:BTCUSDT,1777315500000,76736.7,76824.4,76700.6,76809.1,60.292
USDT-FUTURES:BTCUSDT,1777315800000,76809.1,76868.2,76790.2,76824.5,62.0942
USDT-FUTURES:BTCUSDT,1777316100000,76824.5,76851.0,76794.1,76794.6,27.9938
USDT-FUTURES:BTCUSDT,1777316400000,76794.6,76843.7,76762.6,76780.8,20.0515
USDT-FUTURES:BTCUSDT,1777316700000,76780.8,76780.9,76692.1,76760.0,34.3907
USDT-FUTURES:BTCUSDT,1777317000000,76760.0,76866.9,76744.3,76844.6,80.0841
USDT-FUTURES:BTCUSDT,1777317300000,76844.6,76862.2,76769.4,76769.6,25.4923
USDT-FUTURES:BTCUSDT,1777317600000,76769.6,76794.3,76727.7,76727.7,29.6914
USDT-FUTURES:BTCUSDT,1777317900000,76727.7,76735.3,76577.6,76581.3,110.5694
USDT-FUTURES:BTCUSDT,1777318200000,76581.3,76611.2,76414.5,76550.8,703.8913
USDT-FUTURES:BTCUSDT,1777318500000,76550.8,76621.4,76493.3,76559.9,152.01
USDT-FUTURES:BTCUSDT,1777318800000,76559.9,76744.7,76559.9,76741.5,97.7602
USDT-FUTURES:BTCUSDT,1777319100000,76741.5,76810.0,76713.9,76768.3,56.4901
USDT-FUTURES:BTCUSDT,1777319400000,76768.3,76818.4,76761.8,76813.8,55.2275
USDT-FUTURES:BTCUSDT,1777319700000,76813.8,76844.5,76773.8,76844.5,51.1647
USDT-FUTURES:BTCUSDT,1777320000000,76844.5,76899.0,76791.8,76899.0,168.5785
USDT-FUTURES:BTCUSDT,1777320300000,76899.0,76966.8,76855.2,76878.7,124.0356
USDT-FUTURES:BTCUSDT,1777320600000,76878.7,76908.0,76856.8,76862.8,57.0453
USDT-FUTURES:BTCUSDT,1777320900000,76862.8,76920.6,76862.8,76902.0,23.0895
USDT-FUTURES:BTCUSDT,1777321200000,76902.0,76958.0,76870.5,76953.9,26.0105
USDT-FUTURES:BTCUSDT,1777321500000,76953.9,76961.4,76902.0,76957.7,41.4716
USDT-FUTURES:BTCUSDT,1777321800000,76957.7,76982.5,76938.4,76972.5,35.0445
USDT-FUTURES:BTCUSDT,1777322100000,76972.5,77034.8,76961.6,76970.1,133.9215
USDT-FUTURES:BTCUSDT,1777322400000,76970.1,76973.2,76913.9,76947.3,43.3297
USDT-FUTURES:BTCUSDT,1777322700000,76947.3,76953.9,76896.8,76919.7,63.5209
USDT-FUTURES:BTCUSDT,1777323000000,76919.7,76957.4,76904.9,76924.0,43.1909
USDT-FUTURES:BTCUSDT,1777323300000,76924.0,76968.5,76900.8,76914.6,57.2259
USDT-FUTURES:BTCUSDT,1777323600000,76914.6,76914.6,76861.2,76879.0,36.847
USDT-FUTURES:BTCUSDT,1777323900000,76879.0,76888.0,76833.0,76887.9,21.5855
USDT-FUTURES:BTCUSDT,1777324200000,76887.9,76888.0,76788.5,76850.0,57.6447
USDT-FUTURES:BTCUSDT,1777324500000,76850.0,76905.4,76819.9,76822.9,31.9273
USDT-FUTURES:BTCUSDT,1777324800000,76822.9,76860.0,76810.1,76820.2,19.1494
USDT-FUTURES:BTCUSDT,1777325100000,76820.2,76894.5,76806.6,76863.4,19.9614
USDT-FUTURES:BTCUSDT,1777325400000,76863.4,76910.0,76863.3,76909.9,9.0276
USDT-FUTURES:BTCUSDT,1777325700000,76909.9,76945.0,76885.0,76888.6,39.2377
USDT-FUTURES:BTCUSDT,1777326000000,76888.6,76920.1,76835.3,76858.6,24.2055
USDT-FUTURES:BTCUSDT,1777326300000,76858.6,76872.8,76804.1,76872.8,30.5186
USDT-FUTURES:BTCUSDT,1777326600000,76872.8,76910.0,76803.7,76803.7,126.2086
USDT-FUTURES:BTCUSDT,1777326900000,76803.7,76803.8,76741.3,76741.3,51.144
USDT-FUTURES:BTCUSDT,1777327200000,76741.3,76821.0,76723.2,76766.5,137.0722
USDT-FUTURES:BTCUSDT,1777327500000,76766.5,76870.9,76730.0,76826.7,71.8246
USDT-FUTURES:BTCUSDT,1777327800000,76826.7,76843.0,76806.2,76813.1,39.2812
USDT-FUTURES:BTCUSDT,1777328100000,76813.1,76850.0,76809.4,76810.2,143.2277
USDT-FUTURES:BTCUSDT,1777328400000,76810.2,76838.9,76807.9,76816.4,12.2311
USDT-FUTURES:BTCUSDT,1777328700000,76816.4,76941.1,76807.9,76929.6,196.9055
USDT-FUTURES:BTCUSDT,1777329000000,76929.6,77005.0,76914.1,76914.1,137.823
USDT-FUTURES:BTCUSDT,1777329300000,76914.1,76947.5,76911.3,76915.8,61.256
USDT-FUTURES:BTCUSDT,1777329600000,76915.8,76986.2,76915.6,76958.9,25.2469
USDT-FUTURES:BTCUSDT,1777329900000,76958.9,77026.2,76958.9,77023.3,84.6613
USDT-FUTURES:BTCUSDT,1777330200000,77023.3,77041.5,76966.0,77035.8,58.4403
USDT-FUTURES:BTCUSDT,1777330500000,77035.8,77037.8,77011.4,77026.0,27.3423
USDT-FUTURES:BTCUSDT,1777330800000,77026.0,77044.0,76982.2,77021.9,71.0307
USDT-FUTURES:BTCUSDT,1777331100000,77021.9,77027.6,76966.4,76976.6,29.8575
USDT-FUTURES:BTCUSDT,1777331400000,76976.6,77020.0,76976.5,76993.4,29.4394
USDT-FUTURES:BTCUSDT,1777331700000,76993.4,77179.0,76993.4,77084.9,372.9067
USDT-FUTURES:BTCUSDT,1777332000000,77084.9,77130.2,77084.9,77094.6,67.5842
USDT-FUTURES:BTCUSDT,1777332300000,77094.6,77104.7,77084.5,77085.7,35.5089
USDT-FUTURES:BTCUSDT,1777332600000,77085.7,77195.5,77084.5,77176.5,40.5317
USDT-FUTURES:BTCUSDT,1777332900000,77176.5,77189.5,77156.4,77167.5,88.0708
USDT-FUTURES:BTCUSDT,1777333200000,77167.5,77262.3,77167.5,77259.7,242.7799
USDT-FUTURES:BTCUSDT,1777333500000,77259.7,77310.0,77244.1,77291.3,200.8724
USDT-FUTURES:BTCUSDT,1777333800000,77291.3,77399.0,77250.2,77399.0,197.5309
USDT-FUTURES:BTCUSDT,1777334100000,77399.0,77400.0,77313.0,77324.5,144.168
USDT-FUTURES:BTCUSDT,1777334400000,77324.5,77338.5,77230.2,77243.0,123.5985
USDT-FUTURES:BTCUSDT,1777334700000,77243.0,77320.0,77220.8,77306.5,64.6984
USDT-FUTURES:BTCUSDT,1777335000000,77306.5,77395.0,77256.5,77275.2,132.1935
USDT-FUTURES:BTCUSDT,1777335300000,77275.2,77395.9,77221.2,77231.5,101.5451
USDT-FUTURES:BTCUSDT,1777335600000,77231.5,77270.8,77205.7,77217.4,73.182
USDT-FUTURES:BTCUSDT,1777335900000,77217.4,77231.6,77180.0,77186.7,69.3706
USDT-FUTURES:BTCUSDT,1777336200000,77186.7,77255.4,77169.6,77180.0,60.5286
USDT-FUTURES:BTCUSDT,1777336500000,77180.0,77360.5,77179.9,77320.0,64.362
USDT-FUTURES:BTCUSDT,1777336800000,77320.0,77436.3,77311.0,77356.6,182.2384
USDT-FUTURES:BTCUSDT,1777337100000,77356.6,77425.0,77349.5,77353.0,80.8035
USDT-FUTURES:BTCUSDT,1777337400000,77353.0,77366.7,77242.1,77366.6,120.941
USDT-FUTURES:BTCUSDT,1777337700000,77366.6,77399.9,77332.8,77333.1,38.1441
USDT-FUTURES:BTCUSDT,1777338000000,77333.1,77350.0,77277.0,77325.4,51.9185
USDT-FUTURES:BTCUSDT,1777338300000,77325.4,77355.0,77305.8,77318.6,30.7522
USDT-FUTURES:BTCUSDT,1777338600000,77318.6,77327.6,77298.2,77300.0,13.171
USDT-FUTURES:BTCUSDT,1777338900000,77300.0,77300.1,77177.3,77177.3,80.0851
USDT-FUTURES:BTCUSDT,1777339200000,77177.3,77220.0,77175.0,77180.5,45.7885
USDT-FUTURES:BTCUSDT,1777339500000,77180.5,77220.0,77150.4,77193.7,106.9018
USDT-FUTURES:BTCUSDT,1777339800000,77193.7,77193.7,77056.1,77073.0,198.0505
USDT-FUTURES:BTCUSDT,1777340100000,77073.0,77187.5,77070.2,77153.5,40.6989
USDT-FUTURES:BTCUSDT,1777340400000,77153.5,77153.5,77041.7,77059.6,85.7449
USDT-FUTURES:BTCUSDT,1777340700000,77059.6,77094.5,76981.6,77064.3,102.7154
USDT-FUTURES:BTCUSDT,1777341000000,77064.3,77082.4,77030.4,77082.4,53.0514
USDT-FUTURES:BTCUSDT,1777341300000,77082.4,77089.1,77037.8,77049.3,66.8908
USDT-FUTURES:BTCUSDT,1777341600000,77049.3,77184.5,77002.9,77147.6,95.959
USDT-FUTURES:BTCUSDT,1777341900000,77147.6,77168.1,77067.8,77077.5,87.928
USDT-FUTURES:BTCUSDT,1777342200000,77077.5,77117.0,77069.8,77116.9,23.5142
USDT-FUTURES:BTCUSDT,1777342500000,77116.9,77180.4,77062.7,77156.1,61.356
USDT-FUTURES:BTCUSDT,1777342800000,77156.1,77176.5,77090.5,77111.3,64.9165
USDT-FUTURES:BTCUSDT,1777343100000,77111.3,77119.7,76951.4,76960.8,139.0599
USDT-FUTURES:BTCUSDT,1777343400000,76960.8,76992.6,76878.2,76917.9,155.004
USDT-FUTURES:BTCUSDT,1777343700000,76917.9,76917.9,76622.5,76662.9,331.2909
USDT-FUTURES:BTCUSDT,1777344000000,76662.9,76726.3,76640.0,76666.2,133.7694
USDT-FUTURES:BTCUSDT,1777344300000,76666.2,76718.5,76638.9,76660.9,374.6532
USDT-FUTURES:BTCUSDT,1777344600000,76660.9,76834.3,76660.9,76807.4,129.3917
USDT-FUTURES:BTCUSDT,1777344900000,76807.4,76868.3,76760.0,76847.1,76.2352
USDT-FUTURES:BTCUSDT,1777345200000,76847.1,76857.8,76770.8,76772.6,74.9889
USDT-FUTURES:BTCUSDT,1777345500000,76772.6,76814.1,76627.3,76733.4,808.0098
USDT-FUTURES:BTCUSDT,1777345800000,76733.4,76751.3,76711.8,76725.3,34.4988
USDT-FUTURES:BTCUSDT,1777346100000,76725.3,76763.2,76690.0,76690.0,33.1993
USDT-FUTURES:BTCUSDT,1777346400000,76690.0,76746.0,76668.4,76668.4,70.971
USDT-FUTURES:BTCUSDT,1777346700000,76668.4,76757.2,76668.0,76727.3,126.1084
USDT-FUTURES:BTCUSDT,1777347000000,76727.3,76805.9,76714.8,76774.8,44.3071
USDT-FUTURES:BTCUSDT,1777347300000,76774.8,76804.9,76757.3,76765.5,46.15
USDT-FUTURES:BTCUSDT,1777347600000,76765.5,76777.6,76735.6,76751.3,23.2211
USDT-FUTURES:BTCUSDT,1777347900000,76751.3,76792.0,76740.0,76792.0,28.099
USDT-FUTURES:BTCUSDT,1777348200000,76792.0,76799.4,76755.2,76764.4,25.1283
USDT-FUTURES:BTCUSDT,1777348500000,76764.4,76799.9,76764.4,76771.3,65.8335
USDT-FUTURES:BTCUSDT,1777348800000,76771.3,76772.5,76733.4,76755.0,57.2305
USDT-FUTURES:BTCUSDT,1777349100000,76755.0,76794.2,76742.5,76788.7,16.5616
USDT-FUTURES:BTCUSDT,1777349400000,76788.7,76842.0,76775.6,76842.0,45.9525
USDT-FUTURES:BTCUSDT,1777349700000,76842.0,76899.6,76767.8,76767.9,117.7452
USDT-FUTURES:BTCUSDT,1777350000000,76767.9,76788.8,76674.8,76712.1,84.7177
USDT-FUTURES:BTCUSDT,1777350300000,76712.1,76776.3,76652.3,76754.5,99.0134
USDT-FUTURES:BTCUSDT,1777350600000,76754.5,76786.7,76702.7,76765.8,52.3684
USDT-FUTURES:BTCUSDT,1777350900000,76765.8,76765.8,76714.7,76738.7,23.926
USDT-FUTURES:BTCUSDT,1777351200000,76738.7,76844.8,76738.6,76791.9,81.0581
USDT-FUTURES:BTCUSDT,1777351500000,76791.9,76913.5,76791.9,76912.2,93.5044
USDT-FUTURES:BTCUSDT,1777351800000,76912.2,76916.4,76866.5,76871.6,59.2756
USDT-FUTURES:BTCUSDT,1777352100000,76871.6,76876.3,76832.3,76845.6,91.1781
USDT-FUTURES:BTCUSDT,1777352400000,76845.6,76926.9,76845.6,76926.8,70.1859
USDT-FUTURES:BTCUSDT,1777352700000,76926.8,77010.0,76900.1,76940.5,160.5514
USDT-FUTURES:BTCUSDT,1777353000000,76940.5,76940.6,76893.3,76917.5,28.9949
USDT-FUTURES:BTCUSDT,1777353300000,76917.5,76927.2,76868.5,76927.1,33.1187
USDT-FUTURES:BTCUSDT,1777353600000,76927.1,76962.7,76899.0,76962.6,20.4774
USDT-FUTURES:BTCUSDT,1777353900000,76962.6,77121.0,76954.4,77024.1,216.9965
USDT-FUTURES:BTCUSDT,1777354200000,77024.1,77036.1,76946.6,76946.7,89.8314
USDT-FUTURES:BTCUSDT,1777354500000,76946.7,76950.8,76823.7,76823.7,126.9665
USDT-FUTURES:BTCUSDT,1777354800000,76823.7,76843.7,76759.6,76816.1,115.0539
USDT-FUTURES:BTCUSDT,1777355100000,76816.1,76880.0,76814.9,76854.6,48.7745
USDT-FUTURES:BTCUSDT,1777355400000,76854.6,76934.9,76854.5,76899.9,42.4758
USDT-FUTURES:BTCUSDT,1777355700000,76899.9,76930.0,76840.0,76841.2,40.0258
USDT-FUTURES:BTCUSDT,1777356000000,76841.2,76948.4,76841.1,76948.4,143.6826
USDT-FUTURES:BTCUSDT,1777356300000,76948.4,76987.9,76946.9,76969.6,124.5066
USDT-FUTURES:BTCUSDT,1777356600000,76969.6,76978.0,76946.9,76955.6,9.8779
USDT-FUTURES:BTCUSDT,1777356900000,76955.6,76955.6,76899.4,76923.4,72.9413
USDT-FUTURES:BTCUSDT,1777357200000,76923.4,76923.4,76807.0,76814.7,89.6015
USDT-FUTURES:BTCUSDT,1777357500000,76814.7,76866.4,76785.4,76866.4,48.5368
USDT-FUTURES:BTCUSDT,1777357800000,76866.4,76904.5,76835.8,76871.1,33.8331
USDT-FUTURES:BTCUSDT,1777358100000,76871.1,76893.2,76682.7,76751.7,313.8164
USDT-FUTURES:BTCUSDT,1777358400000,76751.7,76759.6,76532.4,76564.1,354.6666
USDT-FUTURES:BTCUSDT,1777358700000,76564.1,76650.0,76540.0,76644.0,160.7507
USDT-FUTURES:BTCUSDT,1777359000000,76644.0,76700.0,76644.0,76678.8,58.291
USDT-FUTURES:BTCUSDT,1777359300000,76678.8,76717.2,76660.0,76664.1,99.6704
USDT-FUTURES:BTCUSDT,1777359600000,76664.1,76679.3,76628.0,76641.5,64.8125
USDT-FUTURES:BTCUSDT,1777359900000,76641.5,76661.5,76559.9,76569.8,118.9773
USDT-FUTURES:BTCUSDT,1777360200000,76569.8,76590.4,76513.0,76513.0,154.6776
USDT-FUTURES:BTCUSDT,1777360500000,76513.0,76534.3,76364.0,76463.1,583.0369
USDT-FUTURES:BTCUSDT,1777360800000,76463.1,76636.3,76450.1,76610.1,188.9344
USDT-FUTURES:BTCUSDT,1777361100000,76610.1,76634.6,76560.0,76611.2,66.4226
USDT-FUTURES:BTCUSDT,1777361400000,76611.2,76690.7,76591.2,76674.0,138.2113
USDT-FUTURES:BTCUSDT,1777361700000,76674.0,76783.0,76673.2,76777.9,292.1217
USDT-FUTURES:BTCUSDT,1777362000000,76777.9,76844.0,76766.6,76810.0,209.2849
USDT-FUTURES:BTCUSDT,1777362300000,76810.0,76824.1,76730.8,76750.1,209.9505
USDT-FUTURES:BTCUSDT,1777362600000,76750.1,76889.1,76732.7,76875.0,140.6908
USDT-FUTURES:BTCUSDT,1777362900000,76875.0,76885.5,76827.0,76835.0,64.7013
USDT-FUTURES:BTCUSDT,1777363200000,76835.0,76852.0,76756.3,76756.3,57.2652
USDT-FUTURES:BTCUSDT,1777363500000,76756.3,76800.0,76740.8,76760.1,46.8327
USDT-FUTURES:BTCUSDT,1777363800000,76760.1,76817.0,76749.7,76806.9,45.9358
USDT-FUTURES:BTCUSDT,1777364100000,76806.9,76914.0,76801.2,76837.2,118.6229
USDT-FUTURES:BTCUSDT,1777364400000,76837.2,76891.0,76813.5,76813.5,42.5729
USDT-FUTURES:BTCUSDT,1777364700000,76813.5,76935.5,76801.7,76935.5,140.3351
USDT-FUTURES:BTCUSDT,1777365000000,76935.5,76961.6,76821.0,76882.5,406.4199
USDT-FUTURES:BTCUSDT,1777365300000,76882.5,76889.1,76837.8,76839.5,112.7735
USDT-FUTURES:BTCUSDT,1777365600000,76839.5,76850.1,76750.0,76777.9,120.5668
USDT-FUTURES:BTCUSDT,1777365900000,76777.9,76785.0,76733.4,76767.6,60.7735
USDT-FUTURES:BTCUSDT,1777366200000,76767.6,76767.6,76704.7,76753.0,111.0046
USDT-FUTURES:BTCUSDT,1777366500000,76753.0,76835.2,76753.0,76819.3,54.8738
USDT-FUTURES:BTCUSDT,1777366800000,76819.3,76826.8,76753.1,76771.3,39.6275
USDT-FUTURES:BTCUSDT,1777367100000,76771.3,76819.5,76759.8,76819.5,21.7977
USDT-FUTURES:BTCUSDT,1777367400000,76819.5,76819.5,76771.1,76793.2,70.5882
USDT-FUTURES:BTCUSDT,1777367700000,76793.2,76799.7,76741.0,76799.7,31.0279
USDT-FUTURES:BTCUSDT,1777368000000,76799.7,76799.7,76728.9,76729.0,19.1716
USDT-FUTURES:BTCUSDT,1777368300000,76729.0,76752.6,76671.0,76750.4,77.3491
USDT-FUTURES:BTCUSDT,1777368600000,76750.4,76750.4,76611.2,76633.9,90.5887
USDT-FUTURES:BTCUSDT,1777368900000,76633.9,76666.3,76600.9,76655.4,70.1941
USDT-FUTURES:BTCUSDT,1777369200000,76655.4,76662.9,76620.8,76620.8,53.2468
USDT-FUTURES:BTCUSDT,1777369500000,76620.8,76626.7,76511.0,76542.9,137.0905
USDT-FUTURES:BTCUSDT,1777369800000,76542.9,76590.0,76451.7,76575.3,220.7865
USDT-FUTURES:BTCUSDT,1777370100000,76575.3,76600.0,76547.5,76559.2,68.8904
USDT-FUTURES:BTCUSDT,1777370400000,76559.2,76665.2,76552.0,76596.2,127.304
USDT-FUTURES:BTCUSDT,1777370700000,76596.2,76596.2,76475.6,76507.8,114.8247
USDT-FUTURES:BTCUSDT,1777371000000,76507.8,76524.9,76483.6,76490.0,56.4136
USDT-FUTURES:BTCUSDT,1777371300000,76490.0,76546.0,76438.7,76500.1,164.455
USDT-FUTURES:BTCUSDT,1777371600000,76500.1,76505.6,76470.3,76470.4,87.8053
USDT-FUTURES:BTCUSDT,1777371900000,76470.4,76510.9,76470.3,76485.5,39.1862
USDT-FUTURES:BTCUSDT,1777372200000,76485.5,76575.5,76485.4,76565.1,48.6371
USDT-FUTURES:BTCUSDT,1777372500000,76565.1,76577.6,76522.0,76524.6,34.32
USDT-FUTURES:BTCUSDT,1777372800000,76524.6,76592.7,76524.5,76586.1,51.5638
USDT-FUTURES:BTCUSDT,1777373100000,76586.1,76593.0,76553.9,76592.9,29.5112
USDT-FUTURES:BTCUSDT,1777373400000,76592.9,76598.0,76574.9,76581.9,40.4639
USDT-FUTURES:BTCUSDT,1777373700000,76581.9,76586.5,76525.8,76581.8,31.8373
USDT-FUTURES:BTCUSDT,1777374000000,76581.8,76609.6,76502.9,76510.4,85.2486
USDT-FUTURES:BTCUSDT,1777374300000,76510.4,76516.2,76426.1,76457.2,146.7186
USDT-FUTURES:BTCUSDT,1777374600000,76457.2,76457.3,76400.3,76422.9,155.0421
USDT-FUTURES:BTCUSDT,1777374900000,76422.9,76450.0,76280.0,76340.1,505.3063
USDT-FUTURES:BTCUSDT,1777375200000,76340.1,76438.0,76340.1,76397.5,126.6679
USDT-FUTURES:BTCUSDT,1777375500000,76397.5,76397.6,76222.6,76309.8,310.4424
USDT-FUTURES:BTCUSDT,1777375800000,76309.8,76316.6,76225.8,76259.9,126.1555
USDT-FUTURES:BTCUSDT,1777376100000,76259.9,76273.3,76115.7,76195.0,640.6489
USDT-FUTURES:BTCUSDT,1777376400000,76195.0,76266.2,76167.0,76263.4,211.8206
USDT-FUTURES:BTCUSDT,1777376700000,76263.4,76269.3,76098.7,76118.5,208.2071
USDT-FUTURES:BTCUSDT,1777377000000,76118.5,76156.5,76100.1,76153.9,187.4852
USDT-FUTURES:BTCUSDT,1777377300000,76153.9,76213.8,76142.2,76204.9,164.5506
USDT-FUTURES:BTCUSDT,1777377600000,76204.9,76238.5,76149.4,76179.0,136.009
USDT-FUTURES:BTCUSDT,1777377900000,76179.0,76244.4,76164.1,76194.8,90.984
USDT-FUTURES:BTCUSDT,1777378200000,76194.8,76288.0,76162.0,76248.3,129.7211
USDT-FUTURES:BTCUSDT,1777378500000,76248.3,76265.8,76142.1,76170.1,208.2507
USDT-FUTURES:BTCUSDT,1777378800000,76170.1,76339.9,76168.3,76195.1,311.0626
USDT-FUTURES:BTCUSDT,1777379100000,76195.1,76210.8,76157.8,76199.4,108.3987
USDT-FUTURES:BTCUSDT,1777379400000,76199.4,76242.2,76143.2,76236.2,223.2669
USDT-FUTURES:BTCUSDT,1777379700000,76236.2,76266.6,76197.0,76250.4,106.8302
USDT-FUTURES:BTCUSDT,1777380000000,76250.4,76297.6,76239.6,76286.3,49.5139
USDT-FUTURES:BTCUSDT,1777380300000,76286.3,76396.2,76262.5,76369.9,252.7659
USDT-FUTURES:BTCUSDT,1777380600000,76369.9,76390.8,76315.1,76321.6,94.7715
USDT-FUTURES:BTCUSDT,1777380900000,76321.6,76350.0,76306.4,76350.0,54.7143
USDT-FUTURES:BTCUSDT,1777381200000,76350.0,76350.0,76269.0,76269.0,60.4029
USDT-FUTURES:BTCUSDT,1777381500000,76269.0,76269.0,76036.9,76078.5,371.3069
USDT-FUTURES:BTCUSDT,1777381800000,76078.5,76166.5,75921.6,76115.9,797.1443
USDT-FUTURES:BTCUSDT,1777382100000,76115.9,76116.1,75999.5,76084.8,277.5943
USDT-FUTURES:BTCUSDT,1777382400000,76084.8,76129.5,76084.8,76100.5,115.6329
USDT-FUTURES:BTCUSDT,1777382700000,76100.5,76235.6,76060.0,76161.5,225.1634
USDT-FUTURES:BTCUSDT,1777383000000,76161.5,76221.4,76033.1,76150.3,330.4516
USDT-FUTURES:BTCUSDT,1777383300000,76150.3,76330.0,76133.5,76296.4,210.6797
USDT-FUTURES:BTCUSDT,1777383600000,76296.4,76299.9,76123.1,76235.6,280.4203
USDT-FUTURES:BTCUSDT,1777383900000,76235.6,76381.0,76212.9,76266.0,342.7379
USDT-FUTURES:BTCUSDT,1777384200000,76266.0,76297.6,76073.7,76104.4,146.4173
USDT-FUTURES:BTCUSDT,1777384500000,76104.4,76193.0,75997.3,76162.7,289.8296
USDT-FUTURES:BTCUSDT,1777384800000,76162.7,76164.9,75975.0,76067.4,117.0805
USDT-FUTURES:BTCUSDT,1777385100000,76067.4,76173.9,76056.6,76074.1,68.0346
USDT-FUTURES:BTCUSDT,1777385400000,76074.1,76100.0,76020.0,76044.8,77.4927
USDT-FUTURES:BTCUSDT,1777385700000,76044.8,76058.6,75858.4,75953.4,467.3478
USDT-FUTURES:BTCUSDT,1777386000000,75953.4,76000.0,75813.1,75873.3,346.2885
USDT-FUTURES:BTCUSDT,1777386300000,75873.3,75897.1,75732.0,75800.2,660.7922
USDT-FUTURES:BTCUSDT,1777386600000,75800.2,75887.7,75777.0,75789.9,309.764
USDT-FUTURES:BTCUSDT,1777386900000,75789.9,75790.0,75612.9,75724.0,970.5194
USDT-FUTURES:BTCUSDT,1777387200000,75724.0,75848.3,75636.7,75834.0,320.7235
USDT-FUTURES:BTCUSDT,1777387500000,75834.0,75835.0,75700.0,75718.2,178.6824
USDT-FUTURES:BTCUSDT,1777387800000,75718.2,75788.0,75663.7,75742.1,148.5832
USDT-FUTURES:BTCUSDT,1777388100000,75742.1,75923.1,75723.0,75923.1,267.5015
USDT-FUTURES:BTCUSDT,1777388400000,75923.1,76046.7,75923.1,76003.3,409.3894
USDT-FUTURES:BTCUSDT,1777388700000,76003.3,76017.3,75804.2,75969.4,137.2326
USDT-FUTURES:BTCUSDT,1777389000000,75969.4,75999.2,75935.5,75957.9,101.7609
USDT-FUTURES:BTCUSDT,1777389300000,75957.9,75995.1,75913.8,75982.9,62.2448
USDT-FUTURES:BTCUSDT,1777389600000,75982.9,76035.0,75949.9,76034.8,108.5399
USDT-FUTURES:BTCUSDT,1777389900000,76034.8,76034.9,75919.1,75991.7,87.0036
USDT-FUTURES:BTCUSDT,1777390200000,75991.7,75994.1,75882.7,75903.4,119.4729
USDT-FUTURES:BTCUSDT,1777390500000,75903.4,75990.0,75850.1,75981.3,115.3828
USDT-FUTURES:BTCUSDT,1777390800000,75981.3,76033.0,75902.9,75905.5,64.6159
USDT-FUTURES:BTCUSDT,1777391100000,75905.5,75964.5,75888.0,75909.7,50.6853
USDT-FUTURES:BTCUSDT,1777391400000,75909.7,76060.3,75909.6,76054.9,114.8318
USDT-FUTURES:BTCUSDT,1777391700000,76054.9,76055.0,75999.2,76030.9,48.2416
USDT-FUTURES:BTCUSDT,1777392000000,76030.9,76073.7,75976.7,76037.4,88.5598
USDT-FUTURES:BTCUSDT,1777392300000,76037.4,76050.0,75957.3,75987.5,62.2611
USDT-FUTURES:BTCUSDT,1777392600000,75987.5,76010.2,75926.0,75987.7,42.1756
USDT-FUTURES:BTCUSDT,1777392900000,75987.7,75987.8,75914.7,75958.7,51.6927
USDT-FUTURES:BTCUSDT,1777393200000,75958.7,76005.8,75945.0,75945.0,36.7309
USDT-FUTURES:BTCUSDT,1777393500000,75945.0,75966.1,75923.9,75930.0,42.3742
USDT-FUTURES:BTCUSDT,1777393800000,75930.0,75987.8,75894.5,75898.4,50.7709
USDT-FUTURES:BTCUSDT,1777394100000,75898.4,75912.0,75854.0,75889.8,50.1192
USDT-FUTURES:BTCUSDT,1777394400000,75889.8,75938.3,75860.0,75892.2,33.848
USDT-FUTURES:BTCUSDT,1777394700000,75892.2,75941.7,75860.0,75882.3,35.1921
USDT-FUTURES:BTCUSDT,1777395000000,75882.3,76219.9,75873.7,76127.9,409.1381
USDT-FUTURES:BTCUSDT,1777395300000,76127.9,76140.7,76051.0,76099.5,61.5597
USDT-FUTURES:BTCUSDT,1777395600000,76099.5,76196.0,76042.7,76059.8,113.4538
USDT-FUTURES:BTCUSDT,1777395900000,76059.8,76059.8,75988.0,76035.5,87.5804
USDT-FUTURES:BTCUSDT,1777396200000,76035.5,76038.2,75964.0,76006.5,58.1989
USDT-FUTURES:BTCUSDT,1777396500000,76006.5,76009.7,75929.7,75929.7,40.577
USDT-FUTURES:BTCUSDT,1777396800000,75929.7,76065.7,75926.2,76059.2,61.0461
USDT-FUTURES:BTCUSDT,1777397100000,76059.2,76114.1,76008.1,76061.3,69.919
USDT-FUTURES:BTCUSDT,1777397400000,76061.3,76167.9,76061.3,76167.9,72.5454
USDT-FUTURES:BTCUSDT,1777397700000,76167.9,76238.6,76167.9,76220.2,152.1374
